word,meaning,sort,title,phonetic
violence,n.暴力,18,Chapter 18 沙场争锋,/ˈvaɪələns/
conflict,n.斗争，冲突,18,Chapter 18 沙场争锋,/ˈkɒnflɪkt/
raid,n.突袭；突然搜查  v.突袭；突然搜查,18,Chapter 18 沙场争锋,/reɪd/
enormity,n.巨大；滔天大罪,18,Chapter 18 沙场争锋,/ɪˈnɔːməti/
campaign,n.战役；运动；v.参加运动,18,Chapter 18 沙场争锋,/kæmˈpeɪn/
battle,n.战斗战役 V.与战斗,18,Chapter 18 沙场争锋,/ˈbæt(ə)l/
struggle,v.挣扎；奋力  n.挣扎；奋力,18,Chapter 18 沙场争锋,/ˈstrʌɡ(ə)l/
explosion,n.爆发；迸发；爆炸；激增,18,Chapter 18 沙场争锋,/ɪkˈspləʊʒ(ə)n/
bombard,v.轰击，轰炸；连珠炮般质问(或批评),18,Chapter 18 沙场争锋,/bɒmˈbɑːd/
bomb,n.炸弹；v.轰炸,18,Chapter 18 沙场争锋,/bɒm/
blast,n.爆炸；v.爆炸，炸毁,18,Chapter 18 沙场争锋,/blɑːst/
burst,v.(使)爆裂；(使)胀开 n.迸发；爆裂,18,Chapter 18 沙场争锋,/bɜːst/
spark,n.火花，火星,18,Chapter 18 沙场争锋,/spɑːk/
twinkle,n.闪烁，闪耀  v.闪烁，闪耀,18,Chapter 18 沙场争锋,/ˈtwɪŋk(ə)l/
gunpowder,n.火药,18,Chapter 18 沙场争锋,/ˈɡʌnpaʊdə(r)/
tank,n.坦克；罐，槽，缸,18,Chapter 18 沙场争锋,/tæŋk/
cannon,n.大炮，加农炮；(飞机上的)自动机关炮,18,Chapter 18 沙场争锋,/ˈkænən/
missile,n.导弹；投掷物,18,Chapter 18 沙场争锋,/ˈmɪsaɪl/
weapon,n.武器，兵器；手段,18,Chapter 18 沙场争锋,/ˈwepən/
pistol,n.手枪,18,Chapter 18 沙场争锋,/ˈpɪst(ə)l/
rifle,n.步枪,18,Chapter 18 沙场争锋,/ˈraɪf(ə)l/
bullet,n.子弹，枪弹,18,Chapter 18 沙场争锋,/ˈbʊlɪt/
target,n.靶子；目标，对象,18,Chapter 18 沙场争锋,/ˈtɑːɡɪt/
deflect,v .(使)偏斜，(使)偏转：转移,18,Chapter 18 沙场争锋,/dɪˈflekt/
mission,n.使命；重要任务,18,Chapter 18 沙场争锋,/ˈmɪʃ(ə)n/
flame,n.火焰；强烈的感情,18,Chapter 18 沙场争锋,/fleɪm/
flare,n. (闪耀的)火光；闪光信号灯v. (火光)闪耀,18,Chapter 18 沙场争锋,/fleə(r)/
glitter,v.闪烁；闪现n发光小物,18,Chapter 18 沙场争锋,/ˈɡlɪtə(r)/
glow,v.发出微弱稳定的光；n，微弱稳定的光,18,Chapter 18 沙场争锋,/ɡləʊ/
blade,n.刃，锋；(螺旋浆的)叶片,18,Chapter 18 沙场争锋,/bleɪd/
sword,n.刀，剑,18,Chapter 18 沙场争锋,/sɔːd/
ax,n.斧子,18,Chapter 18 沙场争锋,/æks/
hammer,n，锤，哪头v.用锤击,18,Chapter 18 沙场争锋,/ˈhæmə(r)/
bow,n.弓；蝴蝶结 v.鞠躬,18,Chapter 18 沙场争锋,/baʊ; bəʊ/
arrow,n.箭；箭头,18,Chapter 18 沙场争锋,/ˈærəʊ/
spear,n.矛；标枪；v.用尖物刺穿,18,Chapter 18 沙场争锋,/spɪə(r)/
helmet,n.头盔，防护帽,18,Chapter 18 沙场争锋,/ˈhelmɪt/
shield,n.盾；防护物；v.保护,18,Chapter 18 沙场争锋,/ʃiːld/
equip,V.配备，装备,18,Chapter 18 沙场争锋,/ɪˈkwɪp/
prepare,V.使预备好；为......做准备,18,Chapter 18 沙场争锋,/prɪˈpeə(r)/
provide,v.供给，提供,18,Chapter 18 沙场争锋,/prəˈvaɪd/
deploy,v.部署,18,Chapter 18 沙场争锋,/dɪˈplɔɪ/
hit,v击，打；碰撞；打击  n.击，打；击中,18,Chapter 18 沙场争锋,/hɪt/
beat,v打；打败；(心脏等)跳动n节拍；击鼓声；(心脏等的)跳动,18,Chapter 18 沙场争锋,/biːt/
strike,v.打，击；突击；罢工 n.罢工；打击,18,Chapter 18 沙场争锋,/straɪk/
punch,n.打孔机；重拳击打 V.给......打孔；拳打,18,Chapter 18 沙场争锋,/pʌntʃ/
chop,v.切碎(食物)；劈(木头),18,Chapter 18 沙场争锋,/tʃɒp/
stab,v.(用刀等)刺，戳  n. 刺，戳,18,Chapter 18 沙场争锋,/stæb/
dilemma,n. (避退两难的)困境,18,Chapter 18 沙场争锋,/dɪˈlemə/
plight,n.困境；誓约,18,Chapter 18 沙场争锋,/plaɪt/
pitfall,n.陷阱；危险，困难,18,Chapter 18 沙场争锋,/ˈpɪtfɔːl/
conspiracy,n.阴谋，密谋，合谋,18,Chapter 18 沙场争锋,/kənˈspɪrəsi/
destitute,adj.赤贫的，一无所有的；缺乏的,18,Chapter 18 沙场争锋,/ˈdestɪtjuːt/
famine,n.饥荒,18,Chapter 18 沙场争锋,/ˈfæmɪn/
starve,v .(使)挨饿，饿死,18,Chapter 18 沙场争锋,/stɑːv/
deprive,v.剥夺,18,Chapter 18 沙场争锋,/dɪˈpraɪv/
seize,v.抓住；夺取,18,Chapter 18 沙场争锋,/siːz/
pursue,v.追赶；追查；追求,18,Chapter 18 沙场争锋,/pəˈsjuː/
threat,n.威胁，恐吓,18,Chapter 18 沙场争锋,/θret/
offend,V.冒犯；犯罪；违反,18,Chapter 18 沙场争锋,/əˈfend/
aggressive,adj.侵略的；好斗的；积极进取的,18,Chapter 18 沙场争锋,/əˈɡresɪv/
invade,v.入侵，侵略；侵扰,18,Chapter 18 沙场争锋,/ɪnˈveɪd/
trespass,V.非法侵入n.罪过；非法侵入,18,Chapter 18 沙场争锋,/ˈtrespəs/
intrude,V.闯入，侵入；侵扰,18,Chapter 18 沙场争锋,/ɪnˈtruːd/
violate,v.违反，违背；侵犯；搅扰,18,Chapter 18 沙场争锋,/ˈvaɪəleɪt/
attack,v.攻击，进攻；n.攻击，进攻,18,Chapter 18 沙场争锋,/əˈtæk/
assault,n.猛攻；(身体)侵犯  V.袭击,18,Chapter 18 沙场争锋,/əˈsɔːlt/
challenge,n.挑战 v.向……挑战,18,Chapter 18 沙场争锋,/ˈtʃælɪndʒ/
siege,n包围，围攻,18,Chapter 18 沙场争锋,/siːdʒ/
surround,v.包围；环绕,18,Chapter 18 沙场争锋,/səˈraʊnd/
enclose,V.围住，包围；把……封入信封，随信附上,18,Chapter 18 沙场争锋,/ɪnˈkləʊz/
pause,n.暂停，停顿  v.暂停，停顿,18,Chapter 18 沙场争锋,/pɔːz/
halt,v. (使)停止，(使)停住  n.停止，停住,18,Chapter 18 沙场争锋,/hɔːlt/
cease,V.终止，停止,18,Chapter 18 沙场争锋,/siːs/
oppose,v.反对，抵制,18,Chapter 18 沙场争锋,/əˈpəʊz/
oppress,v.压迫，压制；使压抑,18,Chapter 18 沙场争锋,/əˈpres/
counter,v.抵消；反击，反驳  adv.相反地  n.柜台；工作台,18,Chapter 18 沙场争锋,/ˈkaʊntə(r)/
deter,V.阻止，威慑住,18,Chapter 18 沙场争锋,/dɪˈtɜː(r)/
forbid,v.禁止；阻止,18,Chapter 18 沙场争锋,/fəˈbɪd/
prohibit,v.禁止，不允许,18,Chapter 18 沙场争锋,/prəˈhɪbɪt/
prevent,v.预防，防止；阻止，阻碍,18,Chapter 18 沙场争锋,/prɪˈvent/
revolt,n.叛乱；反抗  v.叛乱；反抗,18,Chapter 18 沙场争锋,/rɪˈvəʊlt/
betray,v.背叛，出卖；(无意中｝泄露，流露出,18,Chapter 18 沙场争锋,/bɪˈtreɪ/
treason,n.叛国罪，通敌罪,18,Chapter 18 沙场争锋,/ˈtriːz(ə)n/
rebel,n.反叛者；叛逆者 v.造反；反抗，反对,18,Chapter 18 沙场争锋,/ˈreb(ə)l; rɪˈbel/
traitor,n.叛徒，卖国贼,18,Chapter 18 沙场争锋,/ˈtreɪtə(r)/
patriot,n.爱国者,18,Chapter 18 沙场争锋,/ˈpætriət/
blame,v.责备，指责n.(对坏事应负的)责任,18,Chapter 18 沙场争锋,/bleɪm/
reproach,n.责备，指责 v.责备，指责,18,Chapter 18 沙场争锋,/rɪˈprəʊtʃ/
evidence,n.证据；根据,18,Chapter 18 沙场争锋,/ˈevɪdəns/
proof,n.证明，证据,18,Chapter 18 沙场争锋,/pruːf/
terror,n.恐惧，恐慌,18,Chapter 18 沙场争锋,/ˈterə(r)/
terrible,adj.可怕的，糟糕的；极严重的,18,Chapter 18 沙场争锋,/ˈterəb(ə)l/
terrific,adj.极好的；很大的，很强的,18,Chapter 18 沙场争锋,/təˈrɪfɪk/
horrible,adj.可怕的，恐怖的,18,Chapter 18 沙场争锋,/ˈhɒrəb(ə)l/
alarm,n.惊恐，忧虑；警报；警报器,18,Chapter 18 沙场争锋,/əˈlɑːm/
dread,v.极为害怕，非常担心 n.恐惧，忧虑,18,Chapter 18 沙场争锋,/dred/
frighten,v.使害怕，使惊恐,18,Chapter 18 沙场争锋,/ˈfraɪt(ə)n/
tension,n.紧张；拉紧状态,18,Chapter 18 沙场争锋,/ˈtenʃ(ə)n/
turbulent,adj.动荡的，混乱的；汹涌的,18,Chapter 18 沙场争锋,/ˈtɜːbjələnt/
turmoil,n.混乱，骚乱,18,Chapter 18 沙场争锋,/ˈtɜːmɔɪl/
scenario,n.可能发生的情况；剧情梗棚，脚本,18,Chapter 18 沙场争锋,/səˈnɑːriəʊ/
occasion,n.场合；时机，机会,18,Chapter 18 沙场争锋,/əˈkeɪʒ(ə)n/
contest,v.争取赢得；争辩  n.竞争；比赛,18,Chapter 18 沙场争锋,/ˈkɒntest/
order,n.次序；整齐 v.命令,18,Chapter 18 沙场争锋,/ˈɔːdə(r)/
reckless,adj.鲁莽的，不计后果的,18,Chapter 18 沙场争锋,/ˈrekləs/
progress,n.前进；进步；进程,18,Chapter 18 沙场争锋,/ˈprəʊɡres/
limit,n.限度;界限 v限制，限定,18,Chapter 18 沙场争锋,/ˈlɪmɪt/
boundary,n.分界线，边界；界限,18,Chapter 18 沙场争锋,/ˈbaʊndri/
rein,n.缰绳；控制权 v.用缰绳勒马；管束,18,Chapter 18 沙场争锋,/reɪn/
compete,v.竞争；参加(比赛｝,18,Chapter 18 沙场争锋,/kəmˈpiːt/
contend,v.竞争；争辩，主张,18,Chapter 18 沙场争锋,/kənˈtend/
rival,n.竞争者，对手  v.与……匹敌,18,Chapter 18 沙场争锋,/ˈraɪv(ə)l/
competitor,n.竞争者，对手,18,Chapter 18 沙场争锋,/kəmˈpetɪtə(r)/
enemy,n.敌人，仇敌；敌兵，敌军,18,Chapter 18 沙场争锋,/ˈenəmi/
strategy,n.策略；战略,18,Chapter 18 沙场争锋,/ˈstrætədʒi/
tactic,n.策略，战术,18,Chapter 18 沙场争锋,/ˈtæktɪk/
manoeuvre,( = maneuver) n.策略，巧计；［－s］军事演习,18,Chapter 18 沙场争锋,/məˈnuːvə(r)/
blueprint,n.蓝图；行动计划,18,Chapter 18 沙场争锋,/ˈbluːprɪnt/
warn,v.警告；告诫,18,Chapter 18 沙场争锋,/wɔːn/
compel,v强迫，迫使,18,Chapter 18 沙场争锋,/kəmˈpel/
oblige,v.迫使，强迫；帮忙,18,Chapter 18 沙场争锋,/əˈblaɪdʒ/
protest,n.抗议；申明   v.抗议；申辩,18,Chapter 18 沙场争锋,/ˈprəʊtest/
refute,V.反驳，驳斥；否认,18,Chapter 18 沙场争锋,/rɪˈfjuːt/
might,n力量，威力,18,Chapter 18 沙场争锋,/maɪt/
force,n力量；武力v.强迫，迫使；用力使......移动,18,Chapter 18 沙场争锋,/fɔːs/
reinforce,v增援；增强，加强；加固,18,Chapter 18 沙场争锋,/ˌriːɪnˈfɔːs/
impair,v削弱；妨碍,18,Chapter 18 沙场争锋,/ɪmˈpeə(r)/
mitigate,v. 减轻，缓和,18,Chapter 18 沙场争锋,/ˈmɪtɪɡeɪt/
comfort,n.安慰；舒适 v.安慰，抚慰,18,Chapter 18 沙场争锋,/ˈkʌmfət/
event,n. 事件，大事；公开活动,18,Chapter 18 沙场争锋,/ɪˈvent/
matter,n.事情；物质  v.要紧,18,Chapter 18 沙场争锋,/ˈmætə(r)/
happen,v发生，出现；碰巧,18,Chapter 18 沙场争锋,/ˈhæpən/
occur,v.发生，出现,18,Chapter 18 沙场争锋,/əˈkɜː(r)/
savage,adj.野蛮的，凶猛的  v，凶狠地攻击  n，野蛮人,18,Chapter 18 沙场争锋,/ˈsævɪdʒ/
fierce,n.凶猛的；猛烈的；(天气或温度)恶劣的,18,Chapter 18 沙场争锋,/fɪəs/
foul,adj.恶臭的；恶劣的；邪恶的 V.弄脏；对……犯规,18,Chapter 18 沙场争锋,/faʊl/
evil,n.邪恶；祸害  adj.邪恶的,18,Chapter 18 沙场争锋,/ˈiːv(ə)l/
devil,n.魔鬼；恶棍,18,Chapter 18 沙场争锋,/ˈdev(ə)l/
punishment,n.惩罚，处罚,18,Chapter 18 沙场争锋,/ˈpʌnɪʃmənt/
execute,v.实行，执行；处死,18,Chapter 18 沙场争锋,/ˈeksɪkjuːt/
hang,n.悬挂；悬浮(在空中)；｛被)绞死,18,Chapter 18 沙场争锋,/hæŋ/
sacrifice,n.牺牲，献出；献祭,18,Chapter 18 沙场争锋,/ˈsækrɪfaɪs/
casualty,n.伤亡人员,18,Chapter 18 沙场争锋,/ˈkæʒuəlti/
bury,v.埋葬；埋藏,18,Chapter 18 沙场争锋,/ˈberi/
funeral,n.葬礼,18,Chapter 18 沙场争锋,/ˈfjuːnərəl/
grave,n.坟墓；死亡  adj.庄重的，严肃的,18,Chapter 18 沙场争锋,/ɡreɪv/
tomb,n.坟墓，冢,18,Chapter 18 沙场争锋,/tuːm/
hell,n.地狱；苦境,18,Chapter 18 沙场争锋,/hel/
maritime,adj.海的，海上的，海事的,18,Chapter 18 沙场争锋,/ˈmærɪtaɪm/
naval,adj.海军的,18,Chapter 18 沙场争锋,/ˈneɪv(ə)l/
troop,n.－群，一队；［－s)军队E结队前行,18,Chapter 18 沙场争锋,/truːp/
fleet,n. 舰队，船队；机群，车队,18,Chapter 18 沙场争锋,/fliːt/
landing,n.着陆；登陆,18,Chapter 18 沙场争锋,/ˈlændɪŋ/
hover,V.盘旋，悬浮；徘徊；处于不确定状态,18,Chapter 18 沙场争锋,/ˈhɒvə(r)/
proceed,V.接下来做；继续避行；行避,18,Chapter 18 沙场争锋,/prəˈsiːd/
veteran,n..老兵；老手,18,Chapter 18 沙场争锋,/ˈvetərən/
military,adj.军事的，军用的,18,Chapter 18 沙场争锋,/ˈmɪlətri/
nuclear,adj.原子核的；核能的；核武器的,18,Chapter 18 沙场争锋,/ˈnjuːkliə(r)/
poison,n.毒物，毒药v.毒害,18,Chapter 18 沙场争锋,/ˈpɔɪz(ə)n/
devastate,v.毁坏，摧毁,18,Chapter 18 沙场争锋,/ˈdevəsteɪt/
risk,n.危险，风险阻冒着......的危险,18,Chapter 18 沙场争锋,/rɪsk/
adventure,n.冒险，冒险经历v，去(某地)探险,18,Chapter 18 沙场争锋,/ədˈventʃə(r)/
peril,n.重大危险；险情，危险,18,Chapter 18 沙场争锋,/ˈperəl/
catastrophe,n.重大灾难，大祸,18,Chapter 18 沙场争锋,/kəˈtæstrəfi/
collapse,n.倒塌；崩溃 v.倒塌；崩溃,18,Chapter 18 沙场争锋,/kəˈlæps/
torture,n拷问；痛苦，折磨  v拷问；使痛苦,18,Chapter 18 沙场争锋,/ˈtɔːtʃə(r)/
humiliate,V.羞辱，使蒙羞,18,Chapter 18 沙场争锋,/hjuːˈmɪlieɪt/
damage,n.损害；伤害 v.损害；伤害,18,Chapter 18 沙场争锋,/ˈdæmɪdʒ/
harmful,adj.有害的,18,Chapter 18 沙场争锋,/ˈhɑːmf(ə)l/
mislead,v.误导，欺骗，使误入歧途,18,Chapter 18 沙场争锋,/ˌmɪsˈliːd/
disturb,v.打扰；使焦虑；弄乱,18,Chapter 18 沙场争锋,/dɪˈstɜːb/
interfere,V.干涉；妨碍,18,Chapter 18 沙场争锋,/ˌɪntəˈfɪə(r)/
interrupt,v.打断；中断,18,Chapter 18 沙场争锋,/ˌɪntəˈrʌpt/
retreat,n.撤退；退避  v.撤退；退避,18,Chapter 18 沙场争锋,/rɪˈtriːt/
shrink,v.退缩；收缩，缩水；(使)减少,18,Chapter 18 沙场争锋,/ʃrɪŋk/
withdraw,v.收回；(使)撤退；提｛款),18,Chapter 18 沙场争锋,/wɪðˈdrɔː/
withstand,v.承受，顶住，经受住,18,Chapter 18 沙场争锋,/wɪðˈstænd/
compromise,V.妥协,18,Chapter 18 沙场争锋,/ˈkɒmprəmaɪz/
surrender,n.投降；放弃  v.投降；(被迫｝放弃,18,Chapter 18 沙场争锋,/səˈrendə(r)/
escape,n.逃跑；逃脱；逃避  v.逃跑；逃脱；逃避,18,Chapter 18 沙场争锋,/ɪˈskeɪp/
avoid,v避免；躲开,18,Chapter 18 沙场争锋,/əˈvɔɪd/
quit,v.放弃，停止；辞去；离开,18,Chapter 18 沙场争锋,/kwɪt/
abandon,v.放弃；抛弃，丢弃,18,Chapter 18 沙场争锋,/əˈbændən/
forgo,( = forego ) v.放弃,18,Chapter 18 沙场争锋,/fɔːˈɡəʊ/
discard,v.丢弃，抛弃,18,Chapter 18 沙场争锋,/dɪˈskɑːd/
rid,adj. [get -of］摆脱，丢弃,18,Chapter 18 沙场争锋,/rɪd/
defend,v.防御，保护；为......辩护,18,Chapter 18 沙场争锋,/dɪˈfend/
safeguard,v.保护，保卫  n.保护措施,18,Chapter 18 沙场争锋,/ˈseɪfɡɑːd/
defeat,v.战胜，击败 n.失败,18,Chapter 18 沙场争锋,/dɪˈfiːt/
resist,v.抵制，反对；抵御；忍住,18,Chapter 18 沙场争锋,/rɪˈzɪst/
capture,n.战利品  v.捕获；夺得,18,Chapter 18 沙场争锋,/ˈkæptʃə(r)/
victory,n.胜利，成功,18,Chapter 18 沙场争锋,/ˈvɪktəri/
triumph,n.伟大胜利，非凡的成功  v.获得胜利,18,Chapter 18 沙场争锋,/ˈtraɪʌmf/
conquer,V.征服；克服，战胜,18,Chapter 18 沙场争锋,/ˈkɒŋkə(r)/
monument,n纪念碑；历史遗迹；典范,18,Chapter 18 沙场争锋,/ˈmɒnjumənt/
tablet,n.碑，匾；药片,18,Chapter 18 沙场争锋,/ˈtæblət/
statue,n.雕像，塑像,18,Chapter 18 沙场争锋,/ˈstætʃuː/
medal,n.勋章，奖章,18,Chapter 18 沙场争锋,/ˈmed(ə)l/
honour,(= honor) n.尊敬，敬意；荣誉  v.尊敬；给予表扬,18,Chapter 18 沙场争锋,/ˈɒnə(r)/
glorious,adj.光荣的，荣糙的,18,Chapter 18 沙场争锋,/ˈɡlɔːriəs/
contribute,v. 捐献；(为···)作贡献；(为书、报刊等)撰稿,18,Chapter 18 沙场争锋,/kənˈtrɪbjuːt/
devote,v.献身；投入,18,Chapter 18 沙场争锋,/dɪˈvəʊt/
owe,V.欠；应把……归功于；欠(情)，感激,18,Chapter 18 沙场争锋,/əʊ/
patrol,n.巡逻，巡查  v.巡逻，巡查,18,Chapter 18 沙场争锋,/pəˈtrəʊl/
guard,n.卫兵，警卫员  v.看守；守卫，保卫,18,Chapter 18 沙场争锋,/ɡɑːd/
Camouflage,v.伪装 n. 伪装,18,Chapter 18 沙场争锋,/ˈkæməflɑːʒ/
obstacle,n.障碍；障碍物,18,Chapter 18 沙场争锋,/ˈɒbstək(ə)l/
burrow,n.地洞，地道V.掘地洞,18,Chapter 18 沙场争锋,/ˈbʌrəʊ/
spy,n.间谍，特务  V.搜集情报，从事间谍活动,18,Chapter 18 沙场争锋,/spaɪ/
scout,n侦察员，侦察机V.侦察，搜寻,18,Chapter 18 沙场争锋,/skaʊt/
general,n..将军 adj.总的；一般性的,18,Chapter 18 沙场争锋,/ˈdʒen(ə)rəl/
soldier,n.战士，士兵,18,Chapter 18 沙场争锋,/ˈsəʊldʒə(r)/