word,meaning,sort,title,phonetic,english_meaning,example
education,n.教育；教育学,5,Chapter 5 学校教育,/ˌedʒuˈkeɪʃ(ə)n/,The process of learning things in school or from others to help you understand the world better.,"For example, when you learn how to read, write, and do math in class, that is part of your learning."
primary,adj.主要的；最初的；小学教育的,5,Chapter 5 学校教育,/ˈpraɪməri/,Something that is most important or comes first.,"For example, water is a primary need for people to stay healthy."
secondary,adj.中等教育的；次要的,5,Chapter 5 学校教育,/ˈsekənd(ə)ri/,Something that is not the most important or not the main thing. It can also refer to a type of school that comes after primary school.,"For example, homework is usually a secondary task compared to studying for an exam."
university,n.(综合性)大学,5,Chapter 5 学校教育,/ˌjuːnɪˈvɜːsəti/,A place where people go to study more advanced subjects after high school.,"For example, many students go to a big building with classrooms and libraries to learn about science, history, and other subjects."
college,n.学院；大学,5,Chapter 5 学校教育,/ˈkɒlɪdʒ/,A place where students go to learn more after they finish high school.,"For example, many people go to a big building with classrooms and libraries to study subjects like math and science."
institute,n.研究所，学院,5,Chapter 5 学校教育,/ˈɪnstɪtjuːt/,"A place where people study or work on a special subject, like science or education.","For example, a group of scientists might work at a research center to find new ways to help the environment."
academy,n. 专科院校；｛美国的｝私立中学；研究院，学会,5,Chapter 5 学校教育,/əˈkædəmi/,A place where people go to learn a special subject or to get training.,"For example, a music school where singers and musicians practice their skills."
learn,v.学习；得知,5,Chapter 5 学校教育,/lɜːn/,To learn means to get new knowledge or skills by studying or experiencing something.,"For example, you can learn how to ride a bike by practicing every day."
study,v.学习；研究 n.学习；研究,5,Chapter 5 学校教育,/ˈstʌdi/,To study means to learn something carefully or to look at something closely to understand it better.,"For example, you study for a test by reading your notes and practicing problems."
acquire,v.获得(技能、知识等)；购得,5,Chapter 5 学校教育,/əˈkwaɪə(r)/,"To get something by learning, working, or buying it.","For example, you can learn to ride a bike by practicing every day."
knowledge,n.知识，学识；知悉,5,Chapter 5 学校教育,/ˈnɒlɪdʒ/,"Knowledge is the information you learn and understand from school, books, or experience.","For example, knowing that water boils at 100 degrees Celsius is a type of knowledge."
expertise,n.专门知识，专门技能,5,Chapter 5 学校教育,/ˌekspɜːˈtiːz/,Expertise is the special knowledge or skill you have after learning a lot about something.,"For example, a doctor has expertise in helping sick people."
novice,n.新手,5,Chapter 5 学校教育,/ˈnɒvɪs/,A person who is just learning something and doesn't have much experience yet.,"For example, a new player in a video game is still learning the rules and controls."
recruit,V.吸收(新成员),5,Chapter 5 学校教育,/rɪˈkruːt/,To find and choose new people to join a group or team.,"For example, a sports team might look for new players to add to their group."
literate,adj.有读写能力的,5,Chapter 5 学校教育,/ˈlɪtərət/,Someone who can read and write is considered this.,"For example, if you can read a book and write your name, you are literate."
illiteracy,n.文盲,5,Chapter 5 学校教育,/ɪˈlɪtərəsi/,It means when someone cannot read or write well enough to understand written words.,"For example, a person who can't read a sign or a book is considered illiterate."
numerate,adj.识数的，有计算能力的,5,Chapter 5 学校教育,/ˈnjuːmərət/,"Someone who is able to understand and work with numbers, like adding, subtracting, or counting.","For example, a person who can quickly add up the cost of groceries in their head is numerate."
problem,n.习题；问题,5,Chapter 5 学校教育,/ˈprɒbləm/,A situation that needs to be solved or fixed.,"For example, if your math homework has a question you don't understand, that is a situation you need to work on."
issue,n.重要问题；发行 v.公布，发出,5,Chapter 5 学校教育,/ˈɪʃuː/,A problem that needs to be solved or a topic that is important.,"For example, pollution is an issue that many people are trying to fix."
affair,n. 事件；［~s ］公共事务，政治事务,5,Chapter 5 学校教育,/əˈfeə(r)/,"A thing that happens, especially something important that people talk about.","For example, a big event in a country is called a public matter."
controversial,adj.有争议的,5,Chapter 5 学校教育,/ˌkɒntrəˈvɜːʃ(ə)l/,Something that causes people to argue or have different opinions.,"For example, a new rule at school might be controversial because some students like it and others don't."
puzzle,n.难题；谜 v.使迷惑,5,Chapter 5 学校教育,/ˈpʌz(ə)l/,A problem that is hard to solve or understand.,"For example, a math question can be a puzzle if it is tricky and takes time to figure out."
riddle,n.谜，谜语,5,Chapter 5 学校教育,/ˈrɪd(ə)l/,A question or statement that is hard to understand and usually has a clever answer.,"For example, ""What has keys but can't open locks?"" is a question that makes you think and then you realize the answer is a keyboard."
obscure,adj.难以理解的,5,Chapter 5 学校教育,/əbˈskjʊə(r)/,Something that is hard to understand or not clear.,"For example, the teacher used a word that was hard to figure out, so we asked her to explain it again."
instil,v.逐渐灌输 (=instill) ,5,Chapter 5 学校教育,/ɪnˈstɪl/,"To teach someone something slowly over time, so they start to believe or understand it.","For example, parents can teach their children to be kind by showing them how to help others every day."
cram,V.把……塞进；(为应考)临时死记硬背,5,Chapter 5 学校教育,/kræm/,"To put a lot of things into a small space, or to study a lot of information quickly before a test.","For example, I had to cram all the math notes into my head the night before the exam."
emphasise,"v.强调,着重 (=emphasize) ",5,Chapter 5 学校教育,/ˈemfəsaɪz/,To say or show that something is very important.,"For example, the teacher told the class to focus on the main idea of the story."
enhance,v.提高，增强,5,Chapter 5 学校教育,/ɪnˈhɑːns/,To make something better or stronger.,"For example, eating healthy food can help your body get stronger."
enable,V. 使能够,5,Chapter 5 学校教育,/ɪˈneɪb(ə)l/,To help someone do something or make something possible,"For example, a key can help you open a door."
inspire,v.鼓舞；给……灵感,5,Chapter 5 学校教育,/ɪnˈspaɪə(r)/,"To make someone feel excited or motivated to do something, often by showing them a good idea or example.","For example, a teacher might show students a cool science project to help them think of their own ideas."
motive,n.动机，(行动的)缘由,5,Chapter 5 学校教育,/ˈməʊtɪv/,A motive is the reason why someone does something. It explains what makes a person act in a certain way.,"For example, if you study hard for a test, your motive might be to get a good grade."
motivate,v.激发，驱使,5,Chapter 5 学校教育,/ˈməʊtɪveɪt/,To make someone want to do something or work hard.,"For example, a teacher might give a prize to students who study hard, which helps them want to learn more."
stimulate,v.刺激；激励,5,Chapter 5 学校教育,/ˈstɪmjuleɪt/,"To make something start or become more active, or to encourage someone to do something.","For example, eating spicy food can make your mouth feel hot and awake."
spur,v.鞭策，刺激n.马刺；刺激,5,Chapter 5 学校教育,/spɜː(r)/,To push someone to do something by giving them a reason to act.,"For example, getting good grades can push a student to study harder."
impetus,n.推动，促进；动量；惯性,5,Chapter 5 学校教育,/ˈɪmpɪtəs/,A force or reason that makes something start happening or move forward.,"For example, the teacher's encouragement gave the students the push they needed to finish their project quickly."
indulge,v.迁就，放任；沉湎；让……享受一下,5,Chapter 5 学校教育,/ɪnˈdʌldʒ/,"To let someone do something they want, even if it's not the best idea, or to spend time doing something you really enjoy.","For example, your mom might let you eat ice cream for dinner if you ask nicely."
spoil,v.宠坏，溺爱；破坏，糟蹋,5,Chapter 5 学校教育,/spɔɪl/,"To spoil something means to make it bad or not work properly. It can also mean to treat someone too kindly, so they become difficult to handle.","For example, if you give a child too much candy every day, you might spoil them and they will not listen to you."
abuse,v. 滥用；虐待 n. 滥用；虐待,5,Chapter 5 学校教育,/əˈbjuːs/,"To use something in a wrong or harmful way, or to treat someone badly.","For example, using a toy in a way that breaks it is a kind of abuse."
intelligent,adj.聪明的，有才智的,5,Chapter 5 学校教育,/ɪnˈtelɪdʒənt/,Someone who is smart and can learn things quickly is considered this.,"For example, a person who solves hard math problems easily is this."
clever,adj.聪明的；精明的,5,Chapter 5 学校教育,/ˈklevə(r)/,Someone who is clever can think quickly and understand things easily.,"For example, a clever student can solve hard math problems fast."
smart,adj.聪明的；智能的,5,Chapter 5 学校教育,/smɑːt/,Something or someone that is quick to learn and understand things.,"For example, a smart student can solve math problems quickly."
all-round,adj.有多方面才能的，全面的 (=all-around) ,5,Chapter 5 学校教育,/ˌɔːl ˈraʊnd/,Something that is good in many different ways or has many skills.,"For example, a person who is good at sports, schoolwork, and music is considered all-round."
genius,n.天才人物；天赋,5,Chapter 5 学校教育,/ˈdʒiːniəs/,A person who is very smart and can understand or create things easily.,"For example, a person who solves hard math problems quickly might be called a genius."
elite,n.精英人物；精华；上层人士,5,Chapter 5 学校教育,/eɪˈliːt; ɪˈliːt/,A group of people who are very good at something or have a lot of power and money.,"For example, the best athletes in the world are considered the elite of sports."
idiot,n.白痴，傻瓜,5,Chapter 5 学校教育,/ˈɪdiət/,A person who does not think carefully and makes silly mistakes.,"For example, someone who forgets to wear shoes when going outside is acting like a person who doesn't use common sense."
wisdom,n.智慧；学问,5,Chapter 5 学校教育,/ˈwɪzdəm/,Wisdom is when someone knows how to make good choices and understand things deeply.,"For example, a wise person knows how to treat others fairly and solve problems in the right way."
wit,n.风趣的人；机智，风趣；智慧,5,Chapter 5 学校教育,/wɪt/,A person who is smart and says funny or clever things.,"For example, the comedian has a lot of clever ideas and makes people laugh."
aptitude,n.天生的才能，资质,5,Chapter 5 学校教育,/ˈæptɪtjuːd/,It is a natural ability or talent that someone has for doing something well.,"For example, some people are good at math without needing to study much. That shows they have a talent for it."
capable,adj.有能力的，有才能的,5,Chapter 5 学校教育,/ˈkeɪpəb(ə)l/,Something or someone that can do something well because they have the skills or ability.,"For example, she is capable of running fast because she practices every day."
excellent,adj.优秀的，杰岀的,5,Chapter 5 学校教育,/ˈeksələnt/,Something that is very good and better than most others.,"For example, if you get a high score on a test, your teacher might say your work is excellent."
outstanding,adj.突出的，杰出的,5,Chapter 5 学校教育,/aʊtˈstændɪŋ/,Something that is very good or better than others.,"For example, she got an award because she did very well in the competition."
brilliant,adj.光辉的；聪颖的；(光线等)明亮的；非常好的,5,Chapter 5 学校教育,/ˈbrɪliənt/,Something that is very bright or someone who is very smart.,"For example, the sun is a brilliant light in the sky."
skill,n. 技巧，技能,5,Chapter 5 学校教育,/skɪl/,A skill is something you can do well because you have practiced it a lot.,"For example, playing the guitar is a skill that takes time to learn."
graduate,n.大学毕业生；［美］毕业生  v. 大学毕业；［美］中学毕业,5,Chapter 5 学校教育,/ˈɡrædʒuət; ˈɡrædʒuˌeɪt/,"A person who finishes school, especially college or university, is called a graduate.","For example, someone who finishes high school is called a graduate in the US."
campus,n. (大专院校的｝校园,5,Chapter 5 学校教育,/ˈkæmpəs/,"It is the area where a school or university is located, including all the buildings and open spaces.","For example, students go to the main building on the area where they learn and have classes."
dining hall,n. 食堂,5,Chapter 5 学校教育,/ˈdaɪnɪŋ hɔːl/,"A place where people eat meals together, usually in a school or large building.","For example, students go to the big room at their school to have lunch with their friends."
prestige,n.威望，声望,5,Chapter 5 学校教育,/preˈstiːʒ/,It is the respect and admiration that someone or something gets because they are very good or famous.,"For example, going to a top university can give someone a lot of respect from others."
reputation,n.名誉，声誉,5,Chapter 5 学校教育,/ˌrepjuˈteɪʃ(ə)n/,It is the way people think about someone or something based on what they have done before.,"For example, a doctor has a good reputation because people believe they are skilled and helpful."
eminent,adj.著名的；杰出的,5,Chapter 5 学校教育,/ˈemɪnənt/,Something or someone that is very well known for being very good at what they do.,"For example, Albert Einstein was a famous scientist who made important discoveries."
notorious,adj.声名狼藉的,5,Chapter 5 学校教育,/nəʊˈtɔːriəs/,Something or someone that is known for doing bad things and has a bad reputation.,"For example, a thief who is always caught might be called notorious."
esteem,v.尊重，尊敬,5,Chapter 5 学校教育,/ɪˈstiːm/,To have a high opinion of someone and treat them with respect.,"For example, people often show admiration for their teachers because they know a lot and help them learn."
respect,n.尊敬，敬重 v.尊敬，敬重,5,Chapter 5 学校教育,/rɪˈspekt/,To show kindness and good feelings for someone because they are important or do good things.,"For example, you should be kind to your teachers because they help you learn."
diligent,adj.勤勉的，勤奋的,5,Chapter 5 学校教育,/ˈdɪlɪdʒənt/,Someone who works hard and doesn't give up easily is described as diligent. They always try their best to do things well.,"For example, a student who studies every day and finishes all their homework is considered diligent."
painstaking,adj.极其仔细的，辛苦的,5,Chapter 5 学校教育,/ˈpeɪnzteɪkɪŋ/,"Something that is done with a lot of care and effort, often taking a long time to finish.","For example, she spent hours drawing a picture so every detail was perfect."
approach,n.方法v.接近,5,Chapter 5 学校教育,/əˈprəʊtʃ/,A way to do something or get close to something.,"For example, you can use a plan to solve a math problem."
scheme,n.计划，方案；阴谋v.谋划,5,Chapter 5 学校教育,/skiːm/,"A plan or idea to do something, usually in a clever way.","For example, a teacher might have a plan to help students learn better by using games in class."
headmaster,n.［英］男校长,5,Chapter 5 学校教育,/ˌhedˈmɑːstə(r)/,A person who is in charge of a school and makes important decisions.,"For example, the person who runs the school and helps teachers and students is called the headmaster."
principal,n.［美］(中小学)校长；［英］大学校长，学院院长adj.首要的,5,Chapter 5 学校教育,/ˈprɪnsəp(ə)l/,"The person who is in charge of a school, especially a high school or college.","For example, the person who makes important decisions at a school is called the principal."
dean,n.(大学的)学院院长，系主任,5,Chapter 5 学校教育,/diːn/,"A person who is in charge of a part of a school, like a college or a department.","For example, the person who helps manage the math department at a high school is called a dean."
faculty,n.(大学的)系，院；［美］(大学的)全体教员,5,Chapter 5 学校教育,/ˈfæk(ə)lti/,A group of teachers and professors who work at a school or university.,"For example, the science department has many teachers who help students learn about biology and chemistry."
professor,n.教授,5,Chapter 5 学校教育,/prəˈfesə(r)/,A person who teaches students at a university or college.,"For example, a person who explains science to students in a classroom is called a professor."
scholar,n.学者,5,Chapter 5 学校教育,/ˈskɒlə(r)/,A person who studies a subject carefully and knows a lot about it.,"For example, a teacher who writes books about history is a person who studies and knows a lot about the past."
scientist,n.科学家,5,Chapter 5 学校教育,/ˈsaɪəntɪst/,A person who studies science and tries to understand how the world works.,"For example, a person who tests chemicals in a lab to learn new things about nature."
mentor,n.导师；顾问,5,Chapter 5 学校教育,/ˈmentɔː(r)/,A person who gives advice and helps someone learn or improve in a job or subject.,"For example, a teacher might help a student with homework and teach them how to study better."
tutor,n.家庭教师；(英国大学或学院中的)导师,5,Chapter 5 学校教育,/ˈtjuːtə(r)/,A person who helps someone learn something by teaching them one-on-one.,"For example, a teacher might come to your home to help you study math every evening."
lecturer,n.［英］(大学的)讲师,5,Chapter 5 学校教育,/ˈlektʃərə(r)/,A person who teaches students at a university or college.,"For example, a person who gives classes on science to high school students is called a lecturer."
assistant,n.助手，助理,5,Chapter 5 学校教育,/əˈsɪstənt/,A person who helps someone else with their work or tasks.,"For example, a teacher might have an assistant who helps grade students' papers."
candidate,n.候选人；求职者；［英］考生,5,Chapter 5 学校教育,/ˈkændɪdət/,A person who is trying to get a job or be chosen for a position.,"For example, someone who applies for a job at a store is called a candidate."
degree,n.学位；学位课程；程度,5,Chapter 5 学校教育,/dɪˈɡriː/,A level of education you get after finishing a course at a university.,"For example, a bachelor's degree is a type of education you get after studying for about four years."
qualify,v. 使具备资格；使奋权,5,Chapter 5 学校教育,/ˈkwɒlɪfaɪ/,"To make someone able to do something or to be considered for a job, position, or activity.","For example, you need to pass a test to be allowed to play on the school soccer team."
certify,v.证明；颁发专业合格证书,5,Chapter 5 学校教育,/ˈsɜːtɪfaɪ/,"To say that something is true or correct, especially after checking it carefully.","For example, a teacher might check your work and then say you have passed the test."
license,(=licence) n.执照，许可证,5,Chapter 5 学校教育,/ˈlaɪs(ə)ns/,"A paper that lets you do something, like drive a car or run a business.","For example, you need a paper to drive a car in most countries."
permit,v. 允许，准许；n. 许可证,5,Chapter 5 学校教育,/pəˈmɪt/,To let someone do something they want to do. It can also be a piece of paper that lets you do something official.,"For example, your teacher might let you leave the classroom to go to the bathroom."
diploma,n.毕业文凭,5,Chapter 5 学校教育,/dɪˈpləʊmə/,A paper that shows someone has finished a school or university course.,"For example, after finishing high school, students get a certificate to show they graduated."
diplomat,n.外交官；善于交际的人,5,Chapter 5 学校教育,/ˈdɪpləmæt/,A person who works for a country to help build good relationships with other countries.,"For example, a person who talks to other countries to make agreements about trade or peace."
ambassador,n.大使,5,Chapter 5 学校教育,/æmˈbæsədə(r)/,A person who represents their country in another country to help with relationships and important talks.,"For example, a person from the United States might live in France to help the two countries work together."
pupil,n.小学生；瞳孔,5,Chapter 5 学校教育,/ˈpjuːp(ə)l/,A young student who goes to school and learns new things.,"For example, a five-year-old is a pupil in the first grade."
ceremony,n.典礼；礼节,5,Chapter 5 学校教育,/ˈserəməni/,A ceremony is a special event where people do something important or follow certain rules.,"For example, a graduation ceremony is when students get a certificate after finishing school."
bachelor,n.学士；单身汉,5,Chapter 5 学校教育,/ˈbætʃələ(r)/,A person who has finished a university degree but does not have a spouse.,"For example, someone who just graduated from college is called a bachelor."
master,n.硕士；大师v.精通；控制,5,Chapter 5 学校教育,/ˈmɑːstə(r)/,A person who has a high level of skill in a subject or field.,"For example, a person who has studied a subject for many years and knows a lot about it is called a master."
doctor,n.博士；医生,5,Chapter 5 学校教育,/ˈdɒktə(r)/,"A person who has studied a lot and has a special degree, or a person who treats sick people.","For example, a person who wears a white coat and checks if you are healthy is a doctor."
fresher,n.［英］(大学)一年级新生,5,Chapter 5 学校教育,/ˈfreʃə(r)/,A person who has just started going to a university or college for the first time.,"For example, a student who is in their first year at university is called a fresher."
sophomore,n.［美］(大学或高中)二年级学生,5,Chapter 5 学校教育,/ˈsɒfəmɔː(r)/,A student who is in the second year of high school or college.,"For example, a student who has finished their first year of high school and is now in their second year is called a sophomore."
junior,n.［美］(大学或高中)三年级学生；较年幼者adj.成人的；级别(或地位)较低的,5,Chapter 5 学校教育,/ˈdʒuːniə(r)/,"A person who is younger than someone else, or someone who has a lower position in a job or school.","For example, a student in the third year of high school is called a junior."
senior,n.［美］(大学或高中)毕业班学生；较年长者adj.成人的；级别(或地位)高的,5,Chapter 5 学校教育,/ˈsiːniə(r)/,"A person who is older or has more experience, or a student in the last year of school","For example, a teacher might talk to a student who is in their final year of high school."
alumni,n. ［alumnus的复数形式］毕业生，校友,5,Chapter 5 学校教育,/əˈlʌmnaɪ/,People who have finished school or university and are no longer students.,"For example, the football team is made up of players who graduated from the same school."
orientation,n.(学前、岗前等的)情况介绍，迎新会；方向,5,Chapter 5 学校教育,/ˌɔːriənˈteɪʃ(ə)n/,"It is a meeting or activity where new people learn about a school, job, or group before they start.","For example, when you start a new school, you might go to an orientation to meet your teachers and learn about the rules."
platform,n.平台；讲台,5,Chapter 5 学校教育,/ˈplætfɔːm/,A platform is a flat surface where people stand or something is placed.,"For example, a speaker stands on a platform to talk to a group of people."
coed,(=co-educational) adj.男女同校的n.(男女同校的大学中的)女生,5,Chapter 5 学校教育,/ˌkəʊˈed/,This word describes a school where boys and girls go to classes together.,"For example, many high schools are this type of school where students of both genders learn in the same classrooms."
register,v.登记，注册n.登记表，注册簿,5,Chapter 5 学校教育,/ˈredʒɪstə(r)/,To put your name or information in a list so that you can be part of something.,"For example, when you want to join a club, you fill out a form to put your name in their list."
roster,n.花名册，登记表；执勤表,5,Chapter 5 学校教育,/ˈrɒstə(r)/,"A list of people's names, usually for a group or team.","For example, a teacher might have a list of students' names to check who is present in class."
enrol, v.登记；注册(课程)；(使)加入 (=enroll),5,Chapter 5 学校教育,/ɪnˈrəʊl/,To sign up for a class or join a group.,"For example, you can sign up for a math class at the start of the school year."
matriculation,n.注册入大学,5,Chapter 5 学校教育,/məˌtrɪkjuˈleɪʃn/,It is the process of joining a university or college and officially becoming a student.,"For example, when you finish high school and start going to university, you go through the process of registering and getting your name on the list of students."
bibliography,n. 参考书目,5,Chapter 5 学校教育,/ˌbɪblɪˈɒɡrəfɪ/,"A list of books, articles, or other sources that someone used when writing a report or essay.","For example, if you write a school project about animals, you might include a list of the books you read at the end."
content,n. 内容；目录；含量 adj. 满足的,5,Chapter 5 学校教育,/ˈkɒntent; kənˈtent/,"Something that is inside something else, like the information in a book or the stuff in a container. It can also mean feeling happy and satisfied.","For example, the content of a story is the events and characters that happen in it."
object,n. 物体；目标 v.反对,5,Chapter 5 学校教育,/ˈɒbdʒɪkt; əbˈdʒekt/,"A thing that you can see or touch, or a person or thing that someone wants to achieve.","For example, a ball is an object, and if you want to win a game, the goal is your object."
accommodation,n.住处；食宿招待,5,Chapter 5 学校教育,/əˌkɒməˈdeɪʃ(ə)n/,"It is a place where someone stays when they are away from home, like a hotel or a house.","For example, when you go on vacation, you stay in a hotel for accommodation."
dorm,n.宿舍,5,Chapter 5 学校教育,/dɔːm/,A place where students live while they go to school.,"For example, many high school students stay in a building called a dorm during the week."
canteen,n.水壶；［英］食堂,5,Chapter 5 学校教育,/kænˈtiːn/,"A place where people eat meals, especially in a school or office.","For example, students go to the dining area to have lunch during their break."
laboratory,(=lab) n.实验室，研究室,5,Chapter 5 学校教育,/ləˈbɒrətri/,A place where scientists or students do experiments or study things carefully.,"For example, students go to a room with special equipment to learn about science."
experiment,n.实验；试验,5,Chapter 5 学校教育,/ɪkˈsperɪmənt/,An activity where you test something to see what happens or if it works.,"For example, you might try different plants to see which one grows the fastest."
data,n. ［datum的复数形式］数据,5,Chapter 5 学校教育,/ˈdeɪtə; ˈdɑːtə/,Information that is collected and used to answer questions or solve problems.,"For example, the numbers you see on a weather app are information that helps you know what to wear."
quantity,n.数量,5,Chapter 5 学校教育,/ˈkwɒntətɪ/,It is how much of something there is.,"For example, if you have five apples, the number of apples is the amount you have."
quality,n.质量,5,Chapter 5 学校教育,/ˈkwɒlətɪ/,Something that shows how good or bad something is.,"For example, a toy that doesn't break easily has good quality."
library,n.图书馆；(书、唱片等)个人收藏,5,Chapter 5 学校教育,/ˈlaɪbrərɪ/,"A place where people can read, borrow, or store books, magazines, and other materials.","For example, students go to the school building to get books for their homework."
literature,n.文学；文学作品；文献,5,Chapter 5 学校教育,/ˈlɪtrətʃə(r); ˈlɪtərətʃə/,"Literature is the writing of a country or time, especially books, poems, and stories that are considered important or very good.","For example, the works of Shakespeare are considered important literature in English history."
article,n.文章,5,Chapter 5 学校教育,/ˈɑːtɪk(ə)l/,A piece of writing that tells information or shares ideas about a topic.,"For example, a short story in a magazine is an article."
author,n.作者，作家,5,Chapter 5 学校教育,/ˈɔːθə(r)/,"A person who writes a book, article, or other written work.","For example, the person who wrote the story ""Charlotte's Web"" is called the author."
tale,n.故事，传说,5,Chapter 5 学校教育,/teɪl/,A story that is usually about something interesting or imaginary.,"For example, ""The Little Mermaid"" is a famous story about a girl who lives under the sea."
fiction,n.小说；虚构，杜撰,5,Chapter 5 学校教育,/ˈfɪkʃ(ə)n/,A story that is made up and not true.,"For example, *Harry Potter* is a story that was created by a writer, not something that really happened."
story,n.故事，小说；(尤指口头的)叙述,5,Chapter 5 学校教育,/ˈstɔːri/,"A story is a written or spoken account of something that happened, usually with characters and a plot.","For example, a book about a boy who goes on an adventure is a story."
diary,n.日记，日记簿,5,Chapter 5 学校教育,/ˈdaɪəri/,A book where you write about your daily activities and feelings.,"For example, many students keep a book where they write what they did each day and how they felt."
poetry,n.诗，诗歌，诗作,5,Chapter 5 学校教育,/ˈpəʊətri/,It is a type of writing that uses beautiful words to express feelings or ideas.,"For example, a short song with rhyme and rhythm that makes people feel happy or sad."
magazine,n.杂志，期刊,5,Chapter 5 学校教育,/ˌmæɡəˈziːn/,"A magazine is a book with pictures and articles about different topics, like sports, fashion, or technology.","For example, a sports magazine has stories and photos about famous athletes and games."
journal,n.日报，周报；(尤指专门学科的)杂志；日志,5,Chapter 5 学校教育,/ˈdʒɜːn(ə)l/,A book or paper where someone writes about things that happen each day or a publication with news and articles.,"For example, a person might write in a small notebook every night to remember what they did during the day."
coverage,n.新闻报道；覆盖范围,5,Chapter 5 学校教育,/ˈkʌvərɪdʒ/,It is the amount of information that a newspaper or TV shows about a news story.,"For example, a newspaper might give a lot of attention to a big event like a sports game."
encyclopedia,(=encyclopaedia) n.百科全书,5,Chapter 5 学校教育,/ɪnˌsaɪkləˈpiːdiə/,"A book or online resource that has information about many different topics, usually in alphabetical order.","For example, if you want to learn about animals, plants, and history, you can look in a book that has all that information together."
biography,n.传记,5,Chapter 5 学校教育,/baɪˈɒɡrəfi/,"A book or story that tells about someone's life, especially a famous person.","For example, a book about the life of a famous actor or scientist."
documentary,n.纪录片adj.纪录的,5,Chapter 5 学校教育,/ˌdɒkjuˈment(ə)ri/,A type of movie or video that shows real events or information about something.,"For example, a film about animals in the wild that shows how they live and behave."
series,n.连续；一系列；系列节目,5,Chapter 5 学校教育,/ˈsɪəriːz/,A group of things that happen one after another or are connected in some way.,"For example, a set of books that follow the same story is called a series."
record,n.记录；履历,5,Chapter 5 学校教育,/ˈrekɔːd; rɪˈkɔːd/,A record is a list of things that have happened or information about someone's past.,"For example, a student's record has information about their grades and behavior in school."
file,n.档案v.把……归档,5,Chapter 5 学校教育,/faɪl/,A list of papers or information that is kept together for a special purpose.,"For example, a teacher might keep a record of students' grades in a file."
profile,n.概述；人物简介；侧面轮廓,5,Chapter 5 学校教育,/ˈprəʊfaɪl/,A short description of someone's life or a picture of the side of something.,"For example, a website might show a person's name, photo, and some information about them."
draft,n.草稿；汇票v.起草,5,Chapter 5 学校教育,/drɑːft/,"A draft is a first version of a written document, like a letter or story, before it is finished.","For example, you might write a draft of your homework before you check it for mistakes."
sketch,n.概略v.概述,5,Chapter 5 学校教育,/sketʃ/,A sketch is a quick drawing or plan that shows the main ideas of something.,"For example, a painter might make a sketch of a person before painting the final picture."
brochure,n.小册子,5,Chapter 5 学校教育,/ˈbrəʊʃə(r)/,"A small book with information about a place, product, or event.","For example, a hotel might give you a small book with pictures and details about their rooms and services."
manual,n.使用手册，指南adj.手工的,5,Chapter 5 学校教育,/ˈmænjuəl/,A manual is a book or document that tells you how to use something or how to do a task.,"For example, a computer comes with a manual that explains how to set it up and use its features."
frame,n.(画、镜子等的)框架；眼镜框；构架,5,Chapter 5 学校教育,/freɪm/,"It is the border or structure that holds something like a picture, mirror, or glasses.","For example, the metal around the glass of your sunglasses is the frame."
index,n.指数；指标；索引v.为……编索引,5,Chapter 5 学校教育,/ˈɪndeks/,"An index is a list that shows where information can be found, or a number that shows how something is changing.","For example, a book might have an index at the back to help you find topics quickly."
catalogue,(=catalog) n.目录,5,Chapter 5 学校教育,/ˈkætəlɒɡ/,"A list of items, usually showing what is available in a store or library.","For example, a shop might have a list of all the toys they sell."
category,n.种类，类别，范畴,5,Chapter 5 学校教育,/ˈkætəɡəri/,A category is a group of things that are alike in some way. It helps us organize and sort different items.,"For example, fruits like apples, bananas, and oranges all belong to the same category."
inventory,n.库存；详细目录,5,Chapter 5 学校教育,/ˈɪnvəntri/,It is a list of things that a store or company has available to sell.,"For example, a toy store keeps track of all the toys they have in their back room."
context,n.上下文，语境；背最，来龙去脉,5,Chapter 5 学校教育,/ˈkɒntekst/,The information around a word or sentence that helps you understand what it means.,"For example, the word ""bank"" can mean a place where people save money or the side of a river, and the words around it help you know which one is correct."
list,n. 一览表，目录v.列举；把……列表,5,Chapter 5 学校教育,/lɪst/,A list is a group of things written down in order.,"For example, you can make a list of your favorite foods to remember them."
chapter,n.(书等的)章；(人生或历史的)重要时期,5,Chapter 5 学校教育,/ˈtʃæptə(r)/,A chapter is a part of a book that tells a story or explains a topic. It is also used to describe a big or important time in someone's life or history.,"For example, a book about animals might have a chapter about dolphins."
volume,"n.(书)卷；体积,容积；音量",5,Chapter 5 学校教育,/ˈvɒljuːm/,It is a measure of how much space something takes up or how loud a sound is.,"For example, a big box has a larger volume than a small box."
reel,v. 眩晕，混乱,5,Chapter 5 学校教育,/riːl/,"To feel dizzy or confused, like your head is spinning.","For example, when you spin around too much, you might feel dizzy and have trouble standing straight."
subject,n.科目；主题；实验对象,5,Chapter 5 学校教育,/ˈsʌbdʒɪkt/,It is a topic that you learn about in school or the main idea of something.,"For example, math and science are subjects in school."
major,n.［美］主修科目，专业v.［美］主修adj.主要的,5,Chapter 5 学校教育,/ˈmeɪdʒə(r)/,Something that is the most important or the main thing. It can also mean a subject that a student studies in school.,"For example, many students choose to study math or history as their main subject in college."
minor,n.［美］辅修科目adj.不严重的,5,Chapter 5 学校教育,/ˈmaɪnə(r)/,Something that is not very big or important.,"For example, a small cut on your finger is a minor injury."
sociology,n. 社会学,5,Chapter 5 学校教育,/ˌsəʊsiˈɒlədʒi/,The study of how people live together in groups and how societies work.,"For example, learning about why people in different countries have different ways of living."
politics,n.政治学；政治；政治事务,5,Chapter 5 学校教育,/ˈpɒlətɪks/,It is the activity of making decisions about how a group or country is run.,"For example, leaders meet to talk about laws that affect people's lives."
economics,n.经济学,5,Chapter 5 学校教育,/ˌiːkəˈnɒmɪks/,It is the study of how people and countries use money and resources to get what they need.,"For example, a country might decide how much money to spend on schools and hospitals."
marketing,n.市场营销,5,Chapter 5 学校教育,/ˈmɑːkɪtɪŋ/,It is the way companies try to sell their products or services to people.,"For example, a candy company might put ads on TV to get more people to buy their candy."
accounting,n.会计,5,Chapter 5 学校教育,/əˈkaʊntɪŋ/,"It is the work of keeping track of money that a business or person has, like how much they spend and earn.","For example, a store owner uses this to know how much money they made and how much they spent on supplies."
audit,n.审计v.旁听；审计,5,Chapter 5 学校教育,/ˈɔːdɪt/,It is when someone checks records of money to make sure everything is correct.,"For example, a person might check a company's money records to see if they are telling the truth about how much they earned."
statistics,n.统计学,5,Chapter 5 学校教育,/stəˈtɪstɪks/,"It is the study of collecting, organizing, and understanding numbers or data.","For example, a teacher might use it to find out the average score of students in a test."
psychology,n. 心理学；心理特征,5,Chapter 5 学校教育,/saɪˈkɒlədʒi/,"The study of how people think, feel, and behave.","For example, a person might learn about why people get nervous before a test."
philosophy,n.哲学,5,Chapter 5 学校教育,/fəˈlɒsəfi/,"It is the study of basic questions about life, knowledge, and existence.","For example, people might talk about what is right or wrong, or why we are here, which are topics studied in this subject."
logic,n.逻辑；逻辑学,5,Chapter 5 学校教育,/ˈlɒdʒɪk/,Logic is the way of thinking that helps you understand what makes sense and what doesn’t.,"For example, if you know that all dogs have four legs and your friend’s pet is a dog, you can use logic to say your friend’s pet has four legs."
biology,n.生物学；生命机理,5,Chapter 5 学校教育,/baɪˈɒlədʒi/,"The study of living things, like plants, animals, and humans.","For example, learning about how plants grow and where they get their food."
physics,n.物理学,5,Chapter 5 学校教育,/ˈfɪzɪks/,"Physics is the study of how things move, energy, and the forces that affect the world around us.","For example, physics helps explain why a ball falls to the ground when you drop it."
chemistry,n.化学,5,Chapter 5 学校教育,/ˈkemɪstri/,It is the study of different substances and how they mix or change when combined.,"For example, when you mix baking soda and vinegar, they react and create bubbles."
agriculture,n.农业；农学,5,Chapter 5 学校教育,/ˈæɡrɪkʌltʃə(r)/,The work of growing plants and raising animals for food or other products.,"For example, farmers grow wheat and raise cows to sell their products in the market."
logistics,n.物流；后勤,5,Chapter 5 学校教育,/ləˈdʒɪstɪks/,"It is the work of moving things like food, clothes, or supplies from one place to another.","For example, when a store gets new toys, people who do this work make sure the toys arrive safely and on time."
geography,n.地理学；地形，地势,5,Chapter 5 学校教育,/dʒiˈɒɡrəfi/,"It is the study of the Earth's lands, features, and places.","For example, learning about mountains, rivers, and different countries is part of this subject."
history,n.历史；历史学,5,Chapter 5 学校教育,/ˈhɪstri; ˈhɪstəri/,"It is the story of what happened in the past, especially important events.","For example, learning about famous people and events from long ago helps us understand how the world changed."
engineering,n.工程；工程学,5,Chapter 5 学校教育,/ˌendʒɪˈnɪərɪŋ/,"It is the work of designing and building things like bridges, roads, and machines.","For example, engineers help build safe and strong bridges that people can drive across."
mechanics,n.力学；机械学,5,Chapter 5 学校教育,/məˈkænɪks/,It is the study of how machines work and how things move.,"For example, learning about the parts inside a car and how they make it run."
electronics,n.电子学；电子器件,5,Chapter 5 学校教育,/ɪˌlekˈtrɒnɪks/,It is the study of how small devices work using electricity.,"For example, a smartphone uses small parts to send and receive messages."
maths,(=mathematics) n.数学,5,Chapter 5 学校教育,/mæθs/,"It is the study of numbers, shapes, and patterns.","For example, adding, subtracting, and solving problems with numbers are part of this subject."
arithmetic,n.算数,5,Chapter 5 学校教育,/əˈrɪθmətɪk/,"It is the study of numbers and how to add, subtract, multiply, and divide them.","For example, calculating how many apples you have if you start with 5 and get 3 more is part of this subject."
geometry,n.几何学,5,Chapter 5 学校教育,/dʒiˈɒmətri/,"Geometry is the study of shapes and lines, and how they fit together. It helps us understand the size, position, and properties of different figures.","For example, a circle is a shape that has no corners and is perfectly round."
algebra,n.代数学，代数,5,Chapter 5 学校教育,/ˈældʒɪbrə/,It is a type of math that uses letters and symbols to solve problems.,"For example, if you have 3 apples and get 2 more, you can use letters like x to show the total number of apples."
calculus,n. 微积分；结石,5,Chapter 5 学校教育,/ˈkælkjələs/,"A type of math that helps solve problems about change and shapes, like how fast something is moving or the area of a curved shape.","For example, scientists use it to figure out how fast a rocket is going as it moves through space."
plus,prep.加上adj.正(数)的，在零以上的,5,Chapter 5 学校教育,/plʌs/,"""Plus"" is used to add something to another thing. It can also mean something that is positive or higher than zero.","For example, if you have 2 apples and get 3 more, you have 2 plus 3, which equals 5 apples."
sum,n.总数，总和；金额,5,Chapter 5 学校教育,/sʌm/,It is the total amount you get when you add numbers together.,"For example, if you have 3 apples and 2 oranges, the total number of fruits is 5."
total,adj.总的，全部的n.总数,5,Chapter 5 学校教育,/ˈtəʊt(ə)l/,"It describes all of something, not just part of it.","For example, if you have 3 apples and 2 oranges, the total number of fruits is 5."
merger,n.合并，归并,5,Chapter 5 学校教育,/ˈmɜːdʒə(r)/,A merger is when two or more companies join together to become one company.,"For example, if two small stores decide to work together and run one store instead of two, that's a merger."
equation,n.相等；平衡，综合体；方程式，等式,5,Chapter 5 学校教育,/ɪˈkweɪʒ(ə)n/,A math statement that shows two things are equal or the same.,"For example, 2 + 3 = 5 shows that adding 2 and 3 gives the same result as 5."
identical,adj.同一的,5,Chapter 5 学校教育,/aɪˈdentɪk(ə)l/,Something that is identical looks exactly the same and has no differences.,"For example, twins can look identical because they have the same face and body."
minus,adj.负的，零以下的prep.减(去),5,Chapter 5 学校教育,/ˈmaɪnəs/,Something that is less than zero or taken away from a number.,"For example, if you have 5 apples and you take away 3, you can say 5 minus 3 equals 2."
subtract,v.减去，减,5,Chapter 5 学校教育,/səbˈtrækt/,To take away a number or amount from another number or amount.,"For example, if you have 5 apples and you take away 2, you are left with 3 apples."
multiply,v.乘，使相乘；(使)成倍增加；繁殖,5,Chapter 5 学校教育,/ˈmʌltɪplaɪ/,To multiply means to make something bigger by adding the same amount many times. It is often used when talking about numbers.,"For example, if you have 3 apples and you multiply them by 2, you will have 6 apples."
divide,v.除以；除,5,Chapter 5 学校教育,/dɪˈvaɪd/,To split something into equal parts or groups.,"For example, if you have 10 apples and you split them into 2 groups, each group has 5 apples."
dividend,n. 股息，红利,5,Chapter 5 学校教育,/ˈdɪvɪdend/,A dividend is the money that a company gives to its shareholders as a reward for owning shares of the company.,"For example, if you own shares in a company and it makes a profit, the company might give you some of that profit as a dividend."
remainder,n.余数；剩余部分,5,Chapter 5 学校教育,/rɪˈmeɪndə(r)/,The is the amount left over after you divide something and it doesn’t divide evenly.,"For example, if you have 10 apples and you share them equally among 3 friends, each friend gets 3 apples and there is 1 apple left over. That 1 apple is the remainder."
rational,adj.理性的；合理的,5,Chapter 5 学校教育,/ˈræʃ(ə)nəl/,"Something that makes sense and is based on good thinking, not just feelings.","For example, deciding to save money instead of spending it all right away is a smart choice."
parameter,n. 参数；起限定作用的因素,5,Chapter 5 学校教育,/pəˈræmɪtə(r)/,"A parameter is a factor that limits or controls something, like a rule that affects how something works.","For example, the speed limit on a road is a parameter that controls how fast cars can go."
variable,n.变量；可变因素adj.易变的,5,Chapter 5 学校教育,/ˈveəriəb(ə)l/,A thing that can change or be different in some way.,"For example, the amount of rain in a day can be a variable because it changes every day."
even,adj.均匀的；偶数的；相等的adv.甚至,5,Chapter 5 学校教育,/ˈiːv(ə)n/,Something that is even has the same amount or looks the same all over. It can also mean a number that can be divided by 2 without any remainder.,"For example, the road was even, so the car drove smoothly over it."
odd,adj.奇数的；古怪的,5,Chapter 5 学校教育,/ɒd/,Something that is not even or something that is strange and hard to understand.,"For example, 3 is an odd number because it cannot be divided into two equal groups."
mean,n. 平均数，平均值；adj. 平均的,5,Chapter 5 学校教育,/miːn/,It is the number you get when you add all the numbers and then divide by how many numbers there are.,"For example, the of 4, 6, and 8 is 6 because 4 + 6 + 8 = 18 and 18 ÷ 3 = 6."
double,adj.两倍的n.两倍数，两倍量v.(使)加倍,5,Chapter 5 学校教育,/ˈdʌb(ə)l/,It means something that is two times as much as another thing.,"For example, if you have 3 apples and someone gives you 3 more, you now have double the number of apples."
triple,adj.三倍的，三重的n.三倍数，三倍量v.(使)增至,5,Chapter 5 学校教育,/ˈtrɪp(ə)l/,Something that is three times as much as usual or has three parts.,"For example, if you have 2 apples and someone gives you 2 more, you have a triple of the original amount."
quadruple,adj.四倍的n.四倍v.(使)成四倍,5,Chapter 5 学校教育,/ˈkwɒdrʊp(ə)l/,Something that is four times as much as another thing.,"For example, if you have 2 apples and someone gives you 6 more, you now have four times as many apples."
multiple,n.倍数adj.多样的，数量多的,5,Chapter 5 学校教育,/ˈmʌltɪp(ə)l/,"It means more than one of something, or something that can be divided into more than one part.","For example, 6 is a multiple of 2 because 2 fits into 6 three times."
maximum,n.最大值，最大限度,5,Chapter 5 学校教育,/ˈmæksɪməm/,The highest amount or level that something can reach.,"For example, the highest score you can get on a test is the maximum."
minimum,n.最小值，最低限度,5,Chapter 5 学校教育,/ˈmɪnɪməm/,The smallest amount or level that is allowed or required.,"For example, the game requires a minimum of 5 players to start."
approximately,adv.大约,5,Chapter 5 学校教育,/əˈprɒksɪmətli/,"This word is used to say that something is not exact, but close to the right number or amount.","For example, there are approximately 30 days in a month."
chart,n.图，图表；海图,5,Chapter 5 学校教育,/tʃɑːt/,"A picture that shows information in a simple way, like numbers or data.","For example, a bar graph showing how many ice creams were sold each day."
graph,n.图，图表,5,Chapter 5 学校教育,/ɡrɑːf/,A picture that shows information in a simple way.,"For example, a picture with bars showing how many apples and oranges someone has."
diagram,n.图表；示意图，图解,5,Chapter 5 学校教育,/ˈdaɪəɡræm/,"A picture that shows information in a simple way, usually with lines, shapes, or symbols.","For example, a picture showing how a car engine works with different parts labeled."
table,n.表格；桌子,5,Chapter 5 学校教育,/ˈteɪb(ə)l/,"A flat surface used for putting things on, like eating, writing, or working.","For example, you sit at a desk and put your books on it."
matrix,n.矩阵；铸模,5,Chapter 5 学校教育,/ˈmeɪtrɪks/,"A set of numbers arranged in rows and columns, used in math to solve problems.","For example, a group of numbers like 1, 2, 3 in one row and 4, 5, 6 in another is a simple version of a group of numbers."
decimal,adj. 小数的；十避位的 n. 小数,5,Chapter 5 学校教育,/ˈdesɪm(ə)l/,"A decimal is a number that has a part before and after a dot, showing values less than one.","For example, 3.5 is a decimal that means three and a half."
percent,( = percent ) n. ［单复数同形］百分之......,5,Chapter 5 学校教育,/pəˈsent/,"A percent is a way to show a part of a whole, like how many out of 100.","For example, 50 percent means 50 out of 100."
ferment,v. (使｝发酵；骚动   n. 酶；发酵；动乱,5,Chapter 5 学校教育,/fəˈment/,"To make something change because of a chemical process, often used for making food or drinks. It can also mean a feeling of anger or excitement in a group of people.","For example, yeast helps bread dough become soft and fluffy by changing it through a special process."
formula,n. 公式，万程式；原则；配方；分子式,5,Chapter 5 学校教育,/ˈfɔːmjələ/,A set of steps or instructions used to solve a problem or make something.,"For example, you can use a formula to find the area of a rectangle by multiplying its length and width."
rectangle,n.长方形，矩形,5,Chapter 5 学校教育,/ˈrektæŋɡl/,"A shape that has four sides and four right angles, with opposite sides that are equal in length.","For example, a book cover is often a shape with four sides and four corners that are all the same."
cube,n.立方体；立方，三次幕；立方形的东西,5,Chapter 5 学校教育,/kjuːb/,A shape that has six square sides and all the sides are the same size.,"For example, a dice is a cube because it has six equal sides."
angle,n.角；角度,5,Chapter 5 学校教育,/ˈæŋɡ(ə)l/,"A shape formed where two lines meet, like the corner of a triangle or a square.","For example, a triangle has three corners, and each one is a shape where two sides meet."
triangle,n.三角形；三角关系,5,Chapter 5 学校教育,/ˈtraɪæŋɡ(ə)l/,A shape that has three sides and three corners. It is a type of polygon.,"For example, if you draw three straight lines that connect to form a closed shape, you have made a triangle."
diagonal,adj.斜纹的；对角线的n.对角线；斜纹织物,5,Chapter 5 学校教育,/daɪˈæɡən(ə)l/,Something that goes from one corner of a shape to another corner that is not next to it.,"For example, if you draw a line from the top left corner of a square to the bottom right corner, that line is diagonal."
straight,adj.直的adv.笔直地；直接,5,Chapter 5 学校教育,/streɪt/,Something that is straight has no curves and goes in one direction.,"For example, a ruler is straight because it does not bend."
circle,n.圆,5,Chapter 5 学校教育,/ˈsɜːk(ə)l/,A shape that is round and has no corners or edges.,"For example, a bicycle wheel looks like a shape that is perfectly round."
round,adj.圆的n.绕圈；一轮adv.环绕,5,Chapter 5 学校教育,/raʊnd/,Something that has no sharp edges and looks like a ball. A part of a race or game that happens in a circle.,"For example, a ball is round and a race car goes around the track in a round."
dot,n.点，圆点v.在......上打点,5,Chapter 5 学校教育,/dɒt/,A small mark or point on a surface.,"For example, a small black mark on a page is called a dot."
sphere,n.球体；球状物；范围，领域,5,Chapter 5 学校教育,/sfɪə(r)/,"A round object, like a ball, or an area where something happens or is important.","For example, a soccer ball is a sphere, and the area where a doctor works is called their field of work."
cone,n.圆锥体；锥形物,5,Chapter 5 学校教育,/kəʊn/,A shape that is wide at one end and points to a single point at the other end.,"For example, an ice cream cone is a shape that is wide at the bottom and narrow at the top."
extent,n.广度，范围；程度,5,Chapter 5 学校教育,/ɪkˈstent/,It is how much something happens or how far something goes.,"For example, the extent of the damage was very bad after the storm."
width,n.宽度,5,Chapter 5 学校教育,/wɪdθ; wɪtθ/,The distance from one side of something to the other.,"For example, if you measure how wide a book is, you are finding its width."
length,n.长度,5,Chapter 5 学校教育,/leŋkθ; leŋθ/,It is how long something is from one end to the other.,"For example, the is the distance from the top of a ruler to the bottom."
proportion,n.比例,5,Chapter 5 学校教育,/prəˈpɔːʃ(ə)n/,It is how much of something there is compared to the total amount.,"For example, if there are 3 apples and 5 oranges, the amount of apples compared to all the fruits is 3 out of 8."
rate,n.比率，率；速度,5,Chapter 5 学校教育,/reɪt/,A rate is how much something happens in a certain amount of time or space.,"For example, if you ride your bike 10 miles in one hour, your speed is 10 miles per hour."
ratio,n.比(率),5,Chapter 5 学校教育,/ˈreɪʃiəʊ/,A ratio shows how much of one thing there is compared to another thing.,"For example, if there are 3 apples and 2 oranges, the ratio of apples to oranges is 3 to 2."
fraction,n.分数；小部分；片断,5,Chapter 5 学校教育,/ˈfrækʃn/,"A small part of something, especially when it is not a whole.","For example, if you cut an apple into two equal parts, each part is a small part of the apple."
scale,n.刻度；规模；［~s］天平；鳞v.攀登,5,Chapter 5 学校教育,/skeɪl/,"It is a line on a tool that shows numbers or levels, or it can mean how big something is.","For example, a ruler has a scale to show how long something is."
ounce,n.盎司；少量,5,Chapter 5 学校教育,/aʊns/,"A unit used to measure the weight of something, especially in the US. It can also mean a small amount of something.","For example, a bag of chips might weigh 1 ounce, or you might eat just a small ounce of candy."
density,n.密度；浓度,5,Chapter 5 学校教育,/ˈdensəti/,Density is how much stuff is packed into a small space. It shows how heavy something is for its size.,"For example, a rock has higher density than a piece of foam because the rock is heavier for its size."
Fahrenheit,adj.华氏温标的,5,Chapter 5 学校教育,/ˈfærənhaɪt/,"A way to measure how hot or cold something is, mainly used in the United States.","For example, water freezes at 32 degrees and boils at 212 degrees using this system."
mercury,n.水银，汞；［M~］水星,5,Chapter 5 学校教育,/ˈmɜːkjəri/,It is a metal that is liquid at room temperature and is used in thermometers.,"For example, people used to put this metal in thermometers to measure body temperature."
battery,n.电池；(物品的)一组,5,Chapter 5 学校教育,/ˈbætri/,A group of things that work together to provide power or energy.,"For example, a set of small batteries in a remote control can power the device."
volt,n.伏特(电压单位),5,Chapter 5 学校教育,/vəʊlt/,A volt is a unit that measures how much electricity is pushing through a wire.,"For example, a battery can provide 1.5 volts to make a small light bulb glow."
radiate,v.辐射，发散；从中心向四周散开,5,Chapter 5 学校教育,/ˈreɪdieɪt/,"To spread out from a center point in all directions, like heat or light.","For example, the sun sends out heat and light in every direction."
emit,v.散发(光、热、气等)；发出(声音),5,Chapter 5 学校教育,/iˈmɪt/,"To send out something like light, heat, or sound from a source.","For example, a lamp sends out light when it is turned on."
transparent,adj.透明的；易看穿的,5,Chapter 5 学校教育,/trænsˈpærənt/,Something that lets light pass through so you can see through it. It also means something that is easy to understand or see through.,"For example, a glass window is transparent because you can see through it."
hollow,adj.空(心)的，中空的,5,Chapter 5 学校教育,/ˈhɒləʊ/,"Something that is not full inside, like a hole in the middle.","For example, a hollow pipe has space inside it and isn't filled with material."
ozone,n.臭氧,5,Chapter 5 学校教育,/ˈəʊzəʊn/,A special gas in the air that helps protect the Earth from harmful sunlight.,"For example, the layer high up in the sky is made of this gas and stops dangerous rays from the sun."
gravity,n.地球引力，重力,5,Chapter 5 学校教育,/ˈɡrævəti/,It is the force that pulls things toward the center of the Earth.,"For example, when you drop a ball, it falls to the ground because of this force."
friction,n.摩擦；摩擦力；不和，矛盾,5,Chapter 5 学校教育,/ˈfrɪkʃ(ə)n/,It is a force that happens when two things rub against each other and makes it harder to move.,"For example, when you slide your shoes on the floor, there is a force that stops you from moving easily."
eccentric,adj.不同圆心的；古怪的,5,Chapter 5 学校教育,/ɪkˈsentrɪk/,Something or someone that is different from others in a way that seems unusual or strange.,"For example, a person who wears a hat every day even when it's not needed might be called strange."
displace,V.移动……的位置；取代，替代,5,Chapter 5 学校教育,/dɪsˈpleɪs/,To move something to a different place or take its place.,"For example, if you push a book off a shelf, it moves to the floor and takes a new position."
boil,v.煮沸，(使)沸腾n.沸点,5,Chapter 5 学校教育,/bɔɪl/,To heat a liquid until it starts to bubble and turn into gas.,"For example, you boil water on the stove to make tea."
melt,v.(使)融化；(使)熔化,5,Chapter 5 学校教育,/melt/,To become soft or turn into a liquid when heated.,"For example, ice turns into water when it gets warm."
dissolve,v.(使)溶解；解散,5,Chapter 5 学校教育,/dɪˈzɒlv/,To break something into small parts so it mixes with a liquid and disappears.,"For example, when you put sugar in water, the sugar dissolves and you can't see it anymore."
rust,v.(使)生锈n.锈，铁锈,5,Chapter 5 学校教育,/rʌst/,To get a reddish brown covering on metal when it touches water or air.,"For example, the old bike started to get a red color on the frame because it was left outside in the rain."
dilute,v.冲淡，稀释adj.稀释了的；减弱了的,5,Chapter 5 学校教育,/daɪˈluːt/,"To make something less strong or less concentrated by adding something else, like water.","For example, if you add water to juice, the juice becomes weaker and not as strong in taste."
acid,n.酸adj.酸的；讽刺的，尖刻的,5,Chapter 5 学校教育,/ˈæsɪd/,Something that tastes sour and can harm things it touches. It can also describe words that are rude or hurtful.,"For example, lemon juice is a type of liquid that is sour and can damage your skin if it gets in your eyes."
noxious,adj.有害的,5,Chapter 5 学校教育,/ˈnɒkʃəs/,Something that is harmful or bad for your health.,"For example, smoking is bad for your body and can make you sick."
static,adj.静态的；静力的,5,Chapter 5 学校教育,/ˈstætɪk/,Something that does not change or move and stays the same.,"For example, a picture on a wall is static because it stays in one place and doesn't move."
inert,adj. 无生气的；惰性的，不活泼的,5,Chapter 5 学校教育,/ɪˈnɜːt/,"Something that is not active or not moving, and does not want to do anything.","For example, the old robot was inactive and did not move or talk."
inherent,adj.内在的，固有的,5,Chapter 5 学校教育,/ɪnˈherənt/,Something that is inherent is part of something and cannot be taken away. It is always there from the beginning.,"For example, the ability to feel emotions is part of being human."
compulsory,adj. 强制的,5,Chapter 5 学校教育,/kəmˈpʌlsəri/,Something that you have to do and cannot choose not to do.,"For example, in school, wearing a uniform is sometimes required by the rules."
component,n.成分，组成部分,5,Chapter 5 学校教育,/kəmˈpəʊnənt/,A part of something bigger that helps it work or be complete.,"For example, a wheel is a part of a bicycle."
compose,v.组成，构成；创作(音乐)；写,5,Chapter 5 学校教育,/kəmˈpəʊz/,To make something by putting different parts together.,"For example, you can compose a story by adding different sentences and ideas."
mixture,n.混合(物),5,Chapter 5 学校教育,/ˈmɪkstʃə(r)/,A thing that is made by combining two or more different things together.,"For example, a fruit salad is a mixture of different fruits like apples, bananas, and oranges."
blend,v.混合；(使)交融  n.混合物,5,Chapter 5 学校教育,/blend/,To mix two or more things together so they become part of each other.,"For example, you can blend milk and fruit to make a smoothie."
theory,n.理论；学说,5,Chapter 5 学校教育,/ˈθɪəri/,A theory is an idea that tries to explain how something works or why something happens.,"For example, the theory of gravity explains why things fall to the ground when they are dropped."
empirical,adj.以实验为依据的；经验主义的,5,Chapter 5 学校教育,/ɪmˈpɪrɪk(ə)l/,Something that is based on testing or real experiences instead of just ideas.,"For example, scientists check if a medicine works by testing it on people, not just guessing."
practical,adj.实际的；有用的；务实的；心灵手巧的,5,Chapter 5 学校教育,/ˈpræktɪkl/,Something that works well in real life and is useful for doing things.,"For example, a practical tool is a hammer because it can help you build or fix things."
doctrine,n.学说；教义；信条,5,Chapter 5 学校教育,/ˈdɒktrɪn/,A set of beliefs or ideas that a group of people follow or teach.,"For example, the idea that everyone should be treated equally is a belief many people follow."
principle,n.原则；(科学)原理,5,Chapter 5 学校教育,/ˈprɪnsəp(ə)l/,A basic idea or rule that helps you make decisions or understand how something works.,"For example, one important rule in school is to treat others with respect."
discipline,n.纪律；训练,5,Chapter 5 学校教育,/ˈdɪsəplɪn/,A rule or system that helps people behave properly and follow instructions.,"For example, students must follow the school's rules to keep the classroom quiet and focused."
term,n.期限；术语；［尤英］学期,5,Chapter 5 学校教育,/tɜːm/,A word used in a special subject or a period of time for something.,"For example, the time a student spends at school in one year is called a term."
semester,n.学期,5,Chapter 5 学校教育,/sɪˈmestə(r)/,A semester is a part of a school year that lasts about five months.,"For example, most schools have two semesters in a year, one in the fall and one in the spring."
timetable,n.时间表；课程表,5,Chapter 5 学校教育,/ˈtaɪmteɪb(ə)l/,A list that shows when different activities or classes will happen.,"For example, a school might have a list showing when students have math, lunch, and recess each day."
schedule,n.日程安排；［美］时刻表,5,Chapter 5 学校教育,/ˈʃedjuːl/,A plan that shows when things will happen or need to be done.,"For example, your teacher might have a plan for when each subject will be taught during the week."
deadline,n.截止日期,5,Chapter 5 学校教育,/ˈdedlaɪn/,A deadline is the last day or time you can do something.,"For example, if you have a school project due on Friday, that Friday is the deadline."
course,n.课程,5,Chapter 5 学校教育,/kɔːs/,A subject that you study in school for a period of time.,"For example, math is a subject that students take as part of their school program."
lesson,n.一堂课；课程；教训,5,Chapter 5 学校教育,/ˈles(ə)n/,A class or time when you learn something new.,"For example, math is a subject you learn in school every day."
curriculum,n.课程；(学校等的)全部课程,5,Chapter 5 学校教育,/kəˈrɪkjələm/,It is the list of subjects or topics that students learn at school.,"For example, a high school might have a list of classes like math, science, and history that students take each year."
seminar,n.研讨会；讨论课,5,Chapter 5 学校教育,/ˈsemɪnɑː(r)/,A seminar is a meeting where people talk about a topic and share ideas.,"For example, students might go to a seminar to learn more about science from a teacher or expert."
forum,n.讨论会，论坛；公开讨论的广场,5,Chapter 5 学校教育,/ˈfɔːrəm/,"A place where people talk about important topics, either in person or online.","For example, a group of students might have a meeting to discuss ways to improve their school."
syllabus,n.教学大纲,5,Chapter 5 学校教育,/ˈsɪləbəs/,It is a list of topics that a class will study during the school year.,"For example, a math class might have a list that shows what chapters will be taught each month."
system,n.系统；体系，制度,5,Chapter 5 学校教育,/ˈsɪstəm/,A group of parts that work together to do a job or keep things organized.,"For example, a computer has many parts like the screen, keyboard, and mouse that all work together."
rudimentary,adj.基本的，粗浅的,5,Chapter 5 学校教育,/ˌruːdɪˈment(ə)ri/,"Something that is basic or not very advanced, like the first step in learning something.","For example, the first math lessons in school are simple and help you learn the basics."
basic,adj.基本的，基础的,5,Chapter 5 学校教育,/ˈbeɪsɪk/,Something that is basic is the most important part or the simplest form of something.,"For example, learning the alphabet is a basic skill for starting to read and write."
fundamental,adj.基础的，基本的；根本的,5,Chapter 5 学校教育,/ˌfʌndəˈment(ə)l/,Something that is fundamental is very important and forms the base of something else. It is needed to understand or build other things.,"For example, learning the alphabet is a fundamental step in reading and writing."
elementary,adj.基本的；初级的,5,Chapter 5 学校教育,/ˌelɪˈmentri/,"Something that is basic or not complicated, like the first level of learning.","For example, addition and subtraction are basic math skills that students learn first."
profound,adj. (影响)深刻的，深远的；见解深刻的,5,Chapter 5 学校教育,/prəˈfaʊnd/,Something that is profound has a deep effect or shows deep understanding.,"For example, a profound book makes you think about life in a new way."
superficial,adj.表面的，外表的；肤浅的,5,Chapter 5 学校教育,/ˌsuːpəˈfɪʃ(ə)l/,Something that is only on the outside and not deep or real.,"For example, a person's appearance is superficial, but their character is more important."
surface,n.表面；地面；水面,5,Chapter 5 学校教育,/ˈsɜːfɪs/,The outside part of something that you can see or touch.,"For example, the top of a table is the part you put things on."
prerequisite,n.必备条件adj.必备的,5,Chapter 5 学校教育,/ˌpriːˈrekwəzɪt/,A thing that must be true or done before something else can happen.,"For example, you need a ticket before you can go to a movie."
selective,adj.选择性的,5,Chapter 5 学校教育,/sɪˈlektɪv/,Something that is selective only chooses certain things and not others.,"For example, a selective person might only eat certain foods and not others."
elective,adj.选举的；［美］选修的n. ［美］选修科目,5,Chapter 5 学校教育,/ɪˈlektɪv/,"Something that you choose to do or take, especially in school.","For example, students can choose to take a class like art or music as an extra subject."
assignment,n. (布置的)作业；｛分派的｝任务,5,Chapter 5 学校教育,/əˈsaɪnmənt/,"A task that someone is asked to do, usually by a teacher or boss.","For example, your teacher might give you a short story to read and answer questions about."
submit,v.服从；提交，呈递,5,Chapter 5 学校教育,/səbˈmɪt/,To accept that someone else is right or to give something to someone in charge.,"For example, when you finish your homework, you can give it to your teacher."
preview,n.预习 v.预习,5,Chapter 5 学校教育,/ˈpriːvjuː/,"To look at something before it is shown or given to you, usually to get ready for it.","For example, you can look at your math homework before class to understand what you will learn."
review,n.回顾；复习 v.回顾；复习,5,Chapter 5 学校教育,/rɪˈvjuː/,To look back at something you learned to remember it better.,"For example, before a test, you can look over your notes to help you remember the important things."
revise,v.修订，修改,5,Chapter 5 学校教育,/rɪˈvaɪz/,To change something to make it better or correct mistakes,"For example, you might change your homework before handing it in to fix any errors."
inspect,v.检查；检阅，视察,5,Chapter 5 学校教育,/ɪnˈspekt/,To look at something carefully to check if it is correct or in good condition.,"For example, a teacher might look at students' homework to make sure they did it right."
consult,V.请教；查阅,5,Chapter 5 学校教育,/kənˈsʌlt/,To ask someone for advice or look up information to find an answer,"For example, you can ask your teacher for help if you don't understand a math problem."
skim,v.掠过，擦边；略读,5,Chapter 5 学校教育,/skɪm/,To move quickly over the surface of something or to read quickly to get the main idea.,"For example, you can skim a book to understand what it is about without reading every word."
scan,v.细看；浏览；扫描n.扫描检查；浏览,5,Chapter 5 学校教育,/skæn/,To look quickly at something to find information or check it carefully.,"For example, you can scan a picture with a machine to copy it on a computer."
scrutinise,v.详细检查，仔细查看,5,Chapter 5 学校教育,/ˈskruːtɪnaɪz/,To look at something very carefully to see details or find problems.,"For example, the teacher looked closely at the student's homework to make sure it was correct."
recite,V.背诵，朗诵,5,Chapter 5 学校教育,/rɪˈsaɪt/,"To say something from memory, like a poem or a speech, without looking at the words.","For example, you might say a poem out loud when you have memorized it."
dictate,v.让(某人)昕写；命令，强行规定,5,Chapter 5 学校教育,/dɪkˈteɪt/,To tell someone what to do or what to write.,"For example, the teacher dictated the homework to the class."
examination,n.考试；细查,5,Chapter 5 学校教育,/ɪɡˌzæmɪˈneɪʃ(ə)n/,A test or check to see how well someone knows something.,"For example, students take a test at school to show what they have learned."
test,n.试验，检验  v.试验，检验,5,Chapter 5 学校教育,/test/,A test is when you check if something works or if someone knows something.,"For example, a teacher might give a test to see if students learned the lesson."
quiz,n.智力竞赛；小测验,5,Chapter 5 学校教育,/kwɪz/,A short test to check how much someone knows about a subject.,"For example, your teacher might give a quick test on math facts at the end of a lesson."
presentation,n.陈述；表演，演出,5,Chapter 5 学校教育,/ˌprez(ə)nˈteɪʃ(ə)n/,"It is when someone shows or tells something to a group of people, like in school or at work.","For example, a student might show a project to the class during a school meeting."
point,n. 点；要点,5,Chapter 5 学校教育,/pɔɪnt/,A point is a small mark or a main idea in something.,"For example, when you write a letter, you might put a dot at the end to show it is finished."
abstract,n. 摘要 adj. 抽象的 v. 提取；把…抽象出,5,Chapter 5 学校教育,/ˈæbstrækt/,"Something that shows the main points of a longer text or idea, or something that is not easy to understand because it is not concrete.","For example, a short summary of a story is an abstract of the story."
postulate,v. 假定，假设/n. 假定，假设,5,Chapter 5 学校教育,/ˈpɒstʃəleɪt/,"To say something is true without proof, just to use it as a starting point for thinking or solving a problem.","For example, scientists might say that a new planet exists even if they can't see it yet, just to help explain other things they observe."
detect,v. 察觉，发觉；侦察出,5,Chapter 5 学校教育,/dɪˈtekt/,"To notice something that is not obvious, like seeing or finding out something hidden.","For example, a dog can notice when someone is hiding behind a tree."
deliberate,v.深思熟虑，仔细考虑  adj.审慎的,5,Chapter 5 学校教育,/dɪˈlɪbərət/,To think carefully about something before making a decision or taking action.,"For example, when you choose a gift for a friend, you might think about what they like best."
diagnose,v.判断；诊断,5,Chapter 5 学校教育,/ˈdaɪəɡnəʊz/,To figure out what is wrong with someone's health by looking at their symptoms.,"For example, a doctor checks a patient's fever and cough to find out if they have the flu."
plagiarise,v.抄袭,5,Chapter 5 学校教育,/ˈpleɪdʒəraɪz/,To take someone else's work or ideas and say that you made them yourself.,"For example, if you copy a story from the internet and put your name on it, that is stealing someone else's work."
copy,n.复制品 v.抄写；复制,5,Chapter 5 学校教育,/ˈkɒpɪ/,"A copy is a copy of something else, like a duplicate of a book or a picture.","For example, if you make a copy of your homework, it looks exactly like the original."
print,v.打印 n. 印刷品；冲印出来的)照片,5,Chapter 5 学校教育,/prɪnt/,To make a copy of a document or picture on paper using a machine.,"For example, you can print your homework from a computer to a printer."
thesis,n.论文,5,Chapter 5 学校教育,/ˈθiːsɪs/,A thesis is a long written work that shows what someone has learned about a subject. It is usually done for a school or university class.,"For example, a student might write a thesis about the history of space travel to show what they have studied in school."
essay,n. (学生为某门课程写的)短文论说文；(关于政治、社会等的)小品文,5,Chapter 5 学校教育,/ˈeseɪ/,"A short piece of writing that tells someone's thoughts about a topic, usually for school.","For example, a student might write a short piece about why they think recycling is important."
paper,n.论文；纸,5,Chapter 5 学校教育,/ˈpeɪpə(r)/,It is a thin material made from plants that you write on or print on. It is also used for writing a long piece of work about a subject.,"For example, students sometimes write a long piece of work called a report on a topic they are studying."
dissertation,n.专题论文，(尤指)学位论文,5,Chapter 5 学校教育,/ˌdɪsəˈteɪʃ(ə)n/,A long written work that someone does for a school or university degree.,"For example, a student might write a long paper about a special topic to finish their college degree."
project,n. (大中学学生的)专题研究；顶目，方案,5,Chapter 5 学校教育,/ˈprɒdʒekt; prəˈdʒekt/,"A plan or task that someone works on for a long time, especially in school.","For example, a student might do a special study about animals for their class project."
heading,n.标题；主题,5,Chapter 5 学校教育,/ˈhedɪŋ/,It is the word or phrase at the top of a page or article that tells you what it is about.,"For example, the word ""Sports"" at the top of a newspaper page tells you the page is about sports news."
outset,n.开端，开始,5,Chapter 5 学校教育,/ˈaʊtset/,"The beginning of something, like the first part of a story or event.","For example, the outset of a movie is when the story starts and you meet the characters."
outline,n.概要；轮廓，略图,5,Chapter 5 学校教育,/ˈaʊtlaɪn/,"It is a plan or summary of something, showing the main parts.","For example, before writing an essay, you can make a list of the main ideas to help you organize your thoughts."
gist,n.主旨，要点,5,Chapter 5 学校教育,/dʒɪst/,The main idea or most important part of something.,"For example, the teacher asked for the main point of the story, not every detail."
opinion,n.看法；评价,5,Chapter 5 学校教育,/əˈpɪnjən/,A thought or judgment that someone has about something.,"For example, you might think a movie is fun or boring based on what you watched."
introduce,v.介绍；引进,5,Chapter 5 学校教育,/ˌɪntrəˈdjuːs/,"To tell someone about a person, thing, or idea for the first time.","For example, you can tell your friend about a new game you like."
reference,n.参考；推荐函；提及，涉及,5,Chapter 5 学校教育,/ˈrefrəns/,"A reference is when you talk about something or someone, or when someone says good things about you.","For example, if you want a job, a reference is a letter from a teacher or boss that says you are good at your work."
cite,v.引用,5,Chapter 5 学校教育,/saɪt/,"To mention something that someone else said or wrote, usually to show where the idea came from.","For example, if you write about a famous scientist in your homework, you can mention their name and what they said."
elicit,v.引出；探出，套出,5,Chapter 5 学校教育,/ɪˈlɪsɪt/,"To get a reaction or answer from someone, usually by asking questions or doing something.","For example, the teacher asked the students questions to get them to talk about their day."
quote,v.引用，引述；报(价),5,Chapter 5 学校教育,/kwəʊt/,To say someone else's words or to tell how much something costs.,"For example, a teacher might say a famous person's words in a class, or a store might tell you how much a toy costs."
extract,n.摘录,5,Chapter 5 学校教育,/ˈekstrækt; ɪkˈstrækt/,"A short part taken from a longer text, like a book or article.","For example, if you take one sentence from a story and write it down, that is an extract."
summary,n.摘要，概要,5,Chapter 5 学校教育,/ˈsʌməri/,A summary is a short version of a longer text that tells the main ideas.,"For example, if you read a long story, a summary would tell you what happened without all the details."
assume,v.假定，设想；承担｛责任)；取得｛权力),5,Chapter 5 学校教育,/əˈsjuːm/,"To think something is true without knowing for sure, or to take on a job or responsibility.","For example, if you assume the teacher is angry, you might act more carefully in class."
presume,v.假定，假设；料想,5,Chapter 5 学校教育,/prɪˈzjuːm/,To think something is true without knowing for sure.,"For example, you might think it will rain tomorrow because the sky looks dark."
suppose,v.假定；认为,5,Chapter 5 学校教育,/səˈpəʊz/,"To think that something is true, even if it's not certain.","For example, if you don't know if it will rain, you might think it will and bring an umbrella."
hypothesis,n.假说，假设,5,Chapter 5 学校教育,/haɪˈpɒθəsɪs/,"A guess or idea that tries to explain something, but it needs to be tested to see if it is true.","For example, if you think plants grow better when they get more sunlight, that is your guess before you do an experiment."
speculate,v.推测,5,Chapter 5 学校教育,/ˈspekjuleɪt/,"To guess or think about something that might happen, but you are not sure.","For example, people might guess what the weather will be like tomorrow without knowing for sure."
predict,V.预测,5,Chapter 5 学校教育,/prɪˈdɪkt/,To say what you think will happen in the future based on what you know now.,"For example, if it is dark and cloudy, you might say it will rain later."
perceive,v.感知，察觉，意识到,5,Chapter 5 学校教育,/pəˈsiːv/,To notice something with your senses or understand it in your mind.,"For example, you can perceive the smell of flowers when you walk by a garden."
discern,v.觉察出；分辨出,5,Chapter 5 学校教育,/dɪˈsɜːn/,To notice or recognize something that is not obvious.,"For example, you can tell the difference between a cat and a dog by looking at their fur and ears."
recognise,( = recognize) v. 认识，辨认出,5,Chapter 5 学校教育,/ˈrekəɡnaɪz/,To know someone or something because you have seen them before.,"For example, you can recognise your teacher even if they are wearing different clothes."
conscious,adj.意识到的；奋知觉的,5,Chapter 5 学校教育,/ˈkɒnʃəs/,Something that is conscious is when you know or understand something happening around you.,"For example, if you hear a loud noise and you know it's coming from outside, you are conscious of the sound."
reckon,v.估计；期望；认为,5,Chapter 5 学校教育,/ˈrekən/,To guess or think something is true based on what you know,"For example, I think it will rain tomorrow because the sky is dark and cloudy."
deem,v.认为，相信,5,Chapter 5 学校教育,/diːm/,To think or believe that something is true or important.,"For example, the teacher thinks that homework is important for students to learn."
imply,v.暗指，意味着,5,Chapter 5 学校教育,/ɪmˈplaɪ/,To suggest something without saying it directly.,"For example, if someone says ""It's cold in here,"" they might be suggesting that you should close the window."
represent,V.代表；象征,5,Chapter 5 学校教育,/ˌreprɪˈzent/,"To show or stand for something else, like a person, group, or idea.","For example, a flag can stand for a country."
insist,v.坚持，坚决认为｛或主张、要求),5,Chapter 5 学校教育,/ɪnˈsɪst/,"To say something over and over again, especially when you really believe it is true.","For example, she kept saying she was right even though others disagreed."
persist,v.坚持不懈；持续存在,5,Chapter 5 学校教育,/pəˈsɪst/,To keep doing something even when it is hard or when others might stop.,"For example, she kept trying to learn math even though it was difficult."
understand,v.懂得，理解,5,Chapter 5 学校教育,/ˌʌndəˈstænd/,To know the meaning of something or to grasp what someone is trying to say.,"For example, if your friend explains a math problem, and you know how to solve it, you understand it."
comprehend,v.理解，领悟,5,Chapter 5 学校教育,/ˌkɒmprɪˈhend/,"To understand something, like what someone is saying or what a book is about.","For example, if you read a story and know what it means, you are understanding it."
analyse,v.分析,5,Chapter 5 学校教育,/ˈænəlaɪz/,To look closely at something to understand it better.,"For example, you can look at a math problem and check each part to find the answer."
infer,v.推断，推理,5,Chapter 5 学校教育,/ɪnˈfɜː(r)/,To guess something based on clues or information you already know.,"For example, if you see that the sky is dark and the wind is blowing, you might guess that it will rain soon."
deduce,v.演绎，推论,5,Chapter 5 学校教育,/dɪˈdjuːs/,To figure something out by using clues or information you already know.,"For example, if you see wet grass in the morning, you might guess that it rained during the night."
conclude,v.推断出，得出结论；(使)结束,5,Chapter 5 学校教育,/kənˈkluːd/,To decide something after thinking about it or looking at the facts.,"For example, if you see wet grass in the morning, you might decide that it rained during the night."
analogy,n.类比；类推,5,Chapter 5 学校教育,/əˈnælədʒi/,An analogy is when you compare two things that are alike in some way to help explain something.,"For example, the heart is like a pump because it helps move blood through the body."
compare,v.比较；但......比作；比得上,5,Chapter 5 学校教育,/kəmˈpeə(r)/,To look at two things and see how they are similar or different.,"For example, you can look at a cat and a dog and see if they have fur or not."
contrast,n.对比；明显的差异,5,Chapter 5 学校教育,/ˈkɒntrɑːst/,"It is when two things are very different from each other, so you can easily see how they are not the same.","For example, a black cat and a white cat have a big contrast in color."
survey,n. 民意调查  v. 对......避行民意调查,5,Chapter 5 学校教育,/ˈsɜːveɪ/,A survey is when people ask questions to find out what a group of people think about something.,"For example, a school might ask students questions to know if they like the new lunch menu."
apply,v. 应用，适用,5,Chapter 5 学校教育,/əˈplaɪ/,To use something in a certain situation or to ask for something.,"For example, you can use a ruler to measure the length of a book."
fee,n. 酬金；费用,5,Chapter 5 学校教育,/fiː/,A fee is an amount of money you pay for a service or to use something.,"For example, you might pay a fee to join a sports club or to get a ticket to a concert."
overlap,V.与......复叠；(与......)部分相同,5,Chapter 5 学校教育,/ˌəʊvəˈlæp/,To happen at the same time or to have some parts that are the same as something else.,"For example, if two classes are both in the same room at the same time, they overlap."
contradiction,n.矛盾，不一致；反驳,5,Chapter 5 学校教育,/ˌkɒntrəˈdɪkʃ(ə)n/,A situation where two things are not the same and cannot both be true.,"For example, if someone says they are never late, but then arrives late, that is a problem because the two statements don’t match."
disagree,v.有分歧；不同意,5,Chapter 5 学校教育,/ˌdɪsəˈɡriː/,To have a different opinion from someone else about something.,"For example, if your friend says pizza is the best food and you think ice cream is better, you disagree."
differ,v.不同，相异,5,Chapter 5 学校教育,/ˈdɪfə(r)/,To be different from something else. It means that two things are not the same.,"For example, apples and oranges are different because one is red and the other is orange."
diverse,adj.不一样的，多种多样的,5,Chapter 5 学校教育,/daɪˈvɜːs/,Something that is different in many ways and not the same.,"For example, a park with many types of trees, flowers, and animals is a place with a variety of life."
nuance,n.细微差别,5,Chapter 5 学校教育,/ˈnjuːɑːns/,"A small difference in meaning, tone, or feeling that makes something seem slightly different.","For example, the words ""happy"" and ""glad"" have a slight difference in how they feel, even though they both mean being pleased."
inductive,adj.归纳的；诱导的,5,Chapter 5 学校教育,/ɪnˈdʌktɪv/,Something that helps you learn or understand something by looking at examples and finding a pattern.,"For example, if you see several dogs and notice they all have fur, you might guess that all dogs have fur."
detail,n.细节；(画等的)细部,5,Chapter 5 学校教育,/ˈdiːteɪl/,A small part of something that shows how it is made or what it looks like.,"For example, the tiny lines on a drawing show how the picture is created."
thorough,adj.彻底的，详尽的,5,Chapter 5 学校教育,/ˈθʌrə/,"Something that is thorough is done completely and carefully, without missing any parts.","For example, a thorough check of your homework means you look at every question to make sure it's correct."
example,n.例子；榜样,5,Chapter 5 学校教育,/ɪɡˈzɑːmp(ə)l/,A thing that shows how something works or what something looks like.,"For example, if you want to show how to tie your shoes, you can use a person or a video as a guide."
instance,n.实例；情况，场合,5,Chapter 5 学校教育,/ˈɪnstəns/,A instance is a specific example of something that happens or a particular time when something occurs.,"For example, if you fall down while riding your bike, that is an instance of an accident."
confirm,v.证实；确保，巩固,5,Chapter 5 学校教育,/kənˈfɜːm/,To check that something is true or to make sure that something happens.,"For example, if you send a message and the person says ""I got it,"" they are checking that you sent the message correctly."
demonstrate,v.示范，演示；证明,5,Chapter 5 学校教育,/ˈdemənstreɪt/,To show someone how to do something or to prove that something is true.,"For example, a teacher might show students how to solve a math problem on the board."
illustrate,v. (用图等)说明；给(书)加插图(或图表),5,Chapter 5 学校教育,/ˈɪləstreɪt/,"To show or explain something by using pictures, examples, or details.","For example, a teacher might draw a picture to help students understand a math problem."
manifest,v.显示，表明,5,Chapter 5 学校教育,/ˈmænɪfest/,To show something clearly so people can see or understand it.,"For example, if you are sad, your face might show it by looking down and not smiling."
prove,v.证明；结果是,5,Chapter 5 学校教育,/pruːv/,To show that something is true or correct by giving evidence.,"For example, you can prove you did your homework by showing it to your teacher."
determine,v.决定；下定决心；查明,5,Chapter 5 学校教育,/dɪˈtɜːmɪn/,To decide something or to find out the answer to a question.,"For example, you can determine what game to play by asking your friends what they want to do."
decide,v.决定,5,Chapter 5 学校教育,/dɪˈsaɪd/,To choose what to do or what something is after thinking about it.,"For example, you might choose which game to play after thinking about what you like."
resolve,v.决心，决定；｛使｝分解为；解决,5,Chapter 5 学校教育,/rɪˈzɒlv/,To decide to do something and try hard to do it.,"For example, she made a resolve to study harder for her next test."
research,n.调查；探索,5,Chapter 5 学校教育,/rɪˈsɜːtʃ/,It is the process of looking for information to find answers or learn something new.,"For example, if you want to know why plants need sunlight, you can look up facts in books or online."
observe,v.观察，观测；注意到,5,Chapter 5 学校教育,/əbˈzɜːv/,To look at something carefully or notice something that is happening,"For example, you can watch a bird in a tree and see what it does."
inquire,v.询问；调查,5,Chapter 5 学校教育,/ɪnˈkwaɪə(r)/,To ask a question or get information about something you don't know,"For example, if you want to know when a movie starts, you can ask the person at the ticket counter."
query,n.疑问；询问 v.怀疑；询问,5,Chapter 5 学校教育,/ˈkwɪəri/,A question or a request for information.,"For example, if you don't understand something, you can ask a teacher for help."
questionnaire,n.调查表，调查问卷,5,Chapter 5 学校教育,/ˌkwestʃəˈneə(r)/,A paper or online form with questions used to collect information from people.,"For example, a teacher might give a form to students to find out what they think about a class."
accomplish,v.达到(目的)，完成,5,Chapter 5 学校教育,/əˈkʌmplɪʃ/,To accomplish something means to finish it and make it happen. It is when you do what you set out to do.,"For example, if you study hard, you can accomplish your goal of getting good grades."
attain,v.获得；达到,5,Chapter 5 学校教育,/əˈteɪn/,To get something you want or reach a goal after trying hard.,"For example, if you practice every day, you can get better at playing the guitar."
credit,n.赊购；学分；信任,5,Chapter 5 学校教育,/ˈkredɪt/,"It is when you get something now and pay for it later, or when you get points for doing well in school.","For example, if you buy a phone on credit, you can use it now and pay the money later."
score,n.得分，成绩,5,Chapter 5 学校教育,/skɔː(r)/,"A number that shows how well someone did in a game, test, or activity.","For example, if you get 10 questions right out of 20, your result is 10."
mark,v.分数；标记v.标志着；v.给......打分；在....上做记号,5,Chapter 5 学校教育,/mɑːk/,To give a score or put a sign on something to show it is special or important.,"For example, the teacher puts a red mark on your paper to show where you made a mistake."
grade,v.给......分等级n.等级；成绩等级,5,Chapter 5 学校教育,/ɡreɪd/,"To give something a level or score, usually based on how well it is done.","For example, the teacher gives a paper a grade of 90 out of 100."
rank,n.等级；排，列v.给····平级；位列,5,Chapter 5 学校教育,/ræŋk/,"It is a way to show how good or important something is, or the position of something in a group.","For example, in a race, the person who finishes first has the highest rank."
row,n. (一)排，｛一)行,5,Chapter 5 学校教育,/rəʊ/,A row is a line of things or people next to each other.,"For example, the chairs in a classroom are in a row."
queue,n.行列v.排队等候,5,Chapter 5 学校教育,/kjuː/,A line of people or things waiting for their turn.,"For example, you might stand in a line at the store to buy something."
grant,v.授予；准予；承认,5,Chapter 5 学校教育,/ɡrɑːnt/,To give someone permission or to allow something to happen.,"For example, the teacher allowed the students to go outside for recess."
praise,n.赞美 v.赞扬,5,Chapter 5 学校教育,/preɪz/,To say something good about someone or something to show you like it.,"For example, your teacher might say you did a great job on your homework."
appreciate,v.赏识；感激；意识到,5,Chapter 5 学校教育,/əˈpriːʃieɪt/,"To feel thankful for something or someone, or to understand how good something is.","For example, you might feel thankful when a friend helps you with your homework."
feedback,n.反馈，反应,5,Chapter 5 学校教育,/ˈfiːdbæk/,It is when someone tells you what they think about something you did or made.,"For example, if you draw a picture and your teacher says it looks nice, that is feedback."
overestimate,v.高估,5,Chapter 5 学校教育,/ˌəʊvərˈestɪmeɪt/,"To think something is bigger, more important, or more valuable than it really is.","For example, if you think your dog is the best in the world, but other people don't agree, you might be thinking too highly of him."
fellowship,n.研究生奖学金,5,Chapter 5 学校教育,/ˈfeləʊʃɪp/,A type of money given to students to help them study at a university.,"For example, a student might get money to pay for their classes and living costs while they finish their degree."
scholarship,n.奖学金；学问，学识,5,Chapter 5 学校教育,/ˈskɒləʃɪp/,A scholarship is money given to help someone go to school or learn more. It can also mean how much someone knows about a subject.,"For example, a student might get a scholarship to help pay for college classes."
reward,n.报答；黄金 v.报答,5,Chapter 5 学校教育,/rɪˈwɔːd/,Something you get because you did something good or helpful.,"For example, if you clean your room, your parents might give you some money as a thank you."
award,n.奖；奖品,5,Chapter 5 学校教育,/əˈwɔːd/,A prize given to someone for doing something good or winning a competition.,"For example, if you win a race, you might get a trophy or a certificate as a prize."
prize,n.奖赏 v.珍视,5,Chapter 5 学校教育,/praɪz/,A prize is something you get for winning a game or competition. It can also mean to value something very much.,"For example, if you win a race, you might get a prize like a trophy or a medal."